{
	"credit": "Made with Blockbench",
	"parent": "item/handheld",
	"textures": {
		"layer0": "spears/diamond"
	},
	"display": {
		"thirdperson_righthand": {
			"rotation": [0, 90, 33],
			"translation": [0.5, 6, -1.25],
			"scale": [2, 2, 1]
		},
		"thirdperson_lefthand": {
			"rotation": [0, -90, -33],
			"translation": [0.5, 6, -1.25],
			"scale": [2, 2, 1]
		},
		"firstperson_righthand": {
			"rotation": [-33, 90, 0],
			"translation": [0, 4.25, 4.75]
		},
		"firstperson_lefthand": {
			"rotation": [-33, -90, 0],
			"translation": [0, 4.25, 4.75]
		}
	}
}