{
	"credit": "Made with Blockbench",
	"parent": "item/handheld",
	"textures": {
		"layer0": "swords/royal_blade"
	},
	"display": {
		"thirdperson_righthand": {
			"rotation": [45, 90, 0],
			"translation": [0, 10.25, 0.75],
			"scale": [1.5, 1.5, 1]
		},
		"thirdperson_lefthand": {
			"rotation": [45, -90, 0],
			"translation": [0, 10.25, 0.75],
			"scale": [1.5, 1.5, 1]
		},
		"firstperson_righthand": {
			"rotation": [49, 90, 0],
			"translation": [0, 4.5, 0],
			"scale": [1.35, 1.35, 1]
		},
		"firstperson_lefthand": {
			"rotation": [49, -90, 0],
			"translation": [0, 4.5, 0],
			"scale": [1.35, 1.35, 1]
		},
		"gui": {
			"translation": [-0.5, -0.5, 0],
			"scale": [1.1, 1.1, 1.1]
		}
	}
}