{
	"credit": "Made with Blockbench",
	"textures": {
		"1": "redstone/diamond_block",
		"2": "redstone/iron_block",
		"4": "redstone/redstone_block"
	},
	"elements": [
		{
			"from": [7, 9, 7.75],
			"to": [9, 10.25, 9],
			"rotation": {"angle": 0, "axis": "y", "origin": [4, 8, 4]},
			"faces": {
				"north": {"uv": [0, 0, 1, 0.25], "texture": "#2"},
				"east": {"uv": [0, 0, 1, 0.25], "texture": "#2"},
				"south": {"uv": [0, 0, 1, 0.25], "texture": "#2"},
				"west": {"uv": [0, 0, 0.25, 0.25], "texture": "#2"},
				"up": {"uv": [0, 0, 1, 0.25], "texture": "#2"},
				"down": {"uv": [0, 0, 1, 0.25], "texture": "#2"}
			}
		},
		{
			"from": [7, 0, 7],
			"to": [9, 9, 9],
			"rotation": {"angle": 0, "axis": "y", "origin": [4, 8, 4]},
			"faces": {
				"north": {"uv": [0, 0, 2, 9], "texture": "#2"},
				"east": {"uv": [0, 0, 2, 9], "texture": "#2"},
				"south": {"uv": [0, 0, 2, 9], "texture": "#2"},
				"west": {"uv": [0, 0, 2, 9], "texture": "#2"},
				"up": {"uv": [0, 0, 2, 2], "texture": "#2"},
				"down": {"uv": [0, 0, 2, 2], "texture": "#2"}
			}
		},
		{
			"name": "cube2",
			"from": [6.5, 15, 4.6],
			"to": [9.5, 15.5, 5.5],
			"rotation": {"angle": 45, "axis": "x", "origin": [4, 8, 4]},
			"faces": {
				"north": {"uv": [2, 2, 5, 2.5], "rotation": 180, "texture": "#2"},
				"east": {"uv": [0, 0, 0.5, 0.9], "rotation": 90, "texture": "#2"},
				"south": {"uv": [0, 0, 3, 0.5], "texture": "#2"},
				"west": {"uv": [0, 0, 0.5, 0.9], "rotation": 270, "texture": "#2"},
				"up": {"uv": [0, 0, 3, 0.9], "texture": "#2"},
				"down": {"uv": [0, 0, 3, 0.9], "rotation": 180, "texture": "#2"}
			}
		},
		{
			"name": "cube3",
			"from": [6.5, 7.5, 4.6],
			"to": [9.5, 8, 5.5],
			"rotation": {"angle": 45, "axis": "x", "origin": [4, 8, 4]},
			"faces": {
				"north": {"uv": [2, 2, 5, 2.5], "rotation": 180, "texture": "#2"},
				"east": {"uv": [0, 0, 0.5, 0.9], "rotation": 90, "texture": "#2"},
				"south": {"uv": [0, 0, 3, 0.5], "texture": "#2"},
				"west": {"uv": [0, 0, 0.5, 0.9], "rotation": 270, "texture": "#2"},
				"up": {"uv": [0, 0, 3, 0.9], "texture": "#2"},
				"down": {"uv": [0, 0, 3, 0.9], "rotation": 180, "texture": "#2"}
			}
		},
		{
			"from": [11.5, 10, 4.6],
			"to": [12, 13, 5.5],
			"rotation": {"angle": 45, "axis": "x", "origin": [4, 8, 4]},
			"faces": {
				"north": {"uv": [2, 2, 2.5, 5], "rotation": 180, "texture": "#2"},
				"east": {"uv": [0, 0, 3, 0.75], "rotation": 90, "texture": "#2"},
				"south": {"uv": [0, 0, 0.5, 3], "texture": "#2"},
				"west": {"uv": [0, 0, 3, 0.75], "rotation": 270, "texture": "#2"},
				"up": {"uv": [0, 0, 0.5, 0.75], "texture": "#2"},
				"down": {"uv": [0, 0, 0.5, 0.75], "rotation": 180, "texture": "#2"}
			}
		},
		{
			"from": [4, 10, 4.6],
			"to": [4.5, 13, 5.5],
			"rotation": {"angle": 45, "axis": "x", "origin": [4, 8, 4]},
			"faces": {
				"north": {"uv": [2, 2, 2.5, 5], "rotation": 180, "texture": "#2"},
				"east": {"uv": [0, 0, 3, 0.75], "rotation": 90, "texture": "#2"},
				"south": {"uv": [0, 0, 0.5, 3], "texture": "#2"},
				"west": {"uv": [0, 0, 3, 0.75], "rotation": 270, "texture": "#2"},
				"up": {"uv": [0, 0, 0.5, 0.75], "texture": "#2"},
				"down": {"uv": [0, 0, 0.5, 0.75], "rotation": 180, "texture": "#2"}
			}
		},
		{
			"from": [10.5, 9, 4.6],
			"to": [11.5, 14, 5.5],
			"rotation": {"angle": 45, "axis": "x", "origin": [4, 8, 4]},
			"faces": {
				"north": {"uv": [2, 2, 10.999, 10.999], "rotation": 180, "texture": "#2"},
				"east": {"uv": [0, 0, 9, 1], "rotation": 90, "texture": "#2"},
				"south": {"uv": [0, 0, 9, 9], "texture": "#2"},
				"west": {"uv": [0, 0, 9, 1], "rotation": 270, "texture": "#2"},
				"up": {"uv": [0, 0, 9, 1], "texture": "#2"},
				"down": {"uv": [0, 0, 9, 1], "rotation": 180, "texture": "#2"}
			}
		},
		{
			"from": [4.5, 9, 4.6],
			"to": [5.5, 14, 5.5],
			"rotation": {"angle": 45, "axis": "x", "origin": [4, 8, 4]},
			"faces": {
				"north": {"uv": [2, 2, 10.999, 10.999], "rotation": 180, "texture": "#2"},
				"east": {"uv": [0, 0, 9, 1], "rotation": 90, "texture": "#2"},
				"south": {"uv": [0, 0, 9, 9], "texture": "#2"},
				"west": {"uv": [0, 0, 9, 1], "rotation": 270, "texture": "#2"},
				"up": {"uv": [0, 0, 9, 1], "texture": "#2"},
				"down": {"uv": [0, 0, 9, 1], "rotation": 180, "texture": "#2"}
			}
		},
		{
			"from": [5.5, 14, 4.6],
			"to": [10.5, 15, 5.5],
			"rotation": {"angle": 45, "axis": "x", "origin": [4, 8, 4]},
			"faces": {
				"north": {"uv": [2, 2, 7, 3], "rotation": 180, "texture": "#2"},
				"east": {"uv": [0, 0, 1, 0.9], "rotation": 90, "texture": "#2"},
				"south": {"uv": [0, 0, 5, 1], "texture": "#2"},
				"west": {"uv": [0, 0, 1, 0.9], "rotation": 270, "texture": "#2"},
				"up": {"uv": [0, 0, 5, 0.9], "texture": "#2"},
				"down": {"uv": [0, 0, 5, 0.9], "rotation": 180, "texture": "#2"}
			}
		},
		{
			"from": [5.5, 9, 4.85],
			"to": [10.5, 14, 6],
			"rotation": {"angle": 45, "axis": "x", "origin": [4, 8, 4]},
			"faces": {
				"north": {"uv": [2, 2, 7, 7], "rotation": 180, "texture": "#2"},
				"east": {"uv": [0, 0, 5, 1.15], "rotation": 90, "texture": "#2"},
				"south": {"uv": [0, 0, 5, 5], "texture": "#2"},
				"west": {"uv": [0, 0, 5, 1.15], "rotation": 270, "texture": "#2"},
				"up": {"uv": [0, 0, 5, 1.15], "texture": "#2"},
				"down": {"uv": [0, 0, 5, 1.15], "rotation": 180, "texture": "#2"}
			}
		},
		{
			"from": [5.5, 8, 4.6],
			"to": [10.5, 9, 5.5],
			"rotation": {"angle": 45, "axis": "x", "origin": [4, 8, 4]},
			"faces": {
				"north": {"uv": [2, 2, 7, 3], "rotation": 180, "texture": "#2"},
				"east": {"uv": [0, 0, 1, 0.9], "rotation": 90, "texture": "#2"},
				"south": {"uv": [0, 0, 5, 1], "texture": "#2"},
				"west": {"uv": [0, 0, 1, 0.9], "rotation": 270, "texture": "#2"},
				"up": {"uv": [0, 0, 5, 0.9], "texture": "#2"},
				"down": {"uv": [0, 0, 5, 0.9], "rotation": 180, "texture": "#2"}
			}
		},
		{
			"from": [7.5, 11, 3],
			"to": [8.5, 12, 5],
			"rotation": {"angle": 45, "axis": "x", "origin": [4, 8, 4]},
			"faces": {
				"north": {"uv": [2, 2, 3, 3], "rotation": 180, "texture": "#1"},
				"east": {"uv": [0, 0, 1, 2], "rotation": 90, "texture": "#1"},
				"south": {"uv": [0, 0, 1, 1], "texture": "#1"},
				"west": {"uv": [0, 0, 1, 2], "rotation": 270, "texture": "#1"},
				"up": {"uv": [0, 0, 1, 2], "texture": "#1"},
				"down": {"uv": [0, 0, 1, 2], "rotation": 180, "texture": "#1"}
			}
		},
		{
			"from": [11.5, 11, 4.25],
			"to": [12.5, 12, 5.25],
			"rotation": {"angle": 45, "axis": "x", "origin": [4, 8, 4]},
			"faces": {
				"north": {"uv": [2, 2, 3, 3], "rotation": 180, "texture": "#4"},
				"east": {"uv": [0, 0, 1, 1], "rotation": 90, "texture": "#4"},
				"south": {"uv": [0, 0, 1, 1], "texture": "#4"},
				"west": {"uv": [0, 0, 1, 1], "rotation": 270, "texture": "#4"},
				"up": {"uv": [0, 0, 1, 1], "texture": "#4"},
				"down": {"uv": [0, 0, 1, 1], "rotation": 180, "texture": "#4"}
			}
		},
		{
			"from": [7.5, 7, 4.25],
			"to": [8.5, 8, 5.25],
			"rotation": {"angle": 45, "axis": "x", "origin": [4, 8, 4]},
			"faces": {
				"north": {"uv": [2, 2, 3, 3], "rotation": 180, "texture": "#4"},
				"east": {"uv": [0, 0, 1, 1], "rotation": 90, "texture": "#4"},
				"south": {"uv": [0, 0, 1, 1], "texture": "#4"},
				"west": {"uv": [0, 0, 1, 1], "rotation": 270, "texture": "#4"},
				"up": {"uv": [0, 0, 1, 1], "texture": "#4"},
				"down": {"uv": [0, 0, 1, 1], "rotation": 180, "texture": "#4"}
			}
		},
		{
			"from": [3.5, 11, 4.25],
			"to": [4.5, 12, 5.25],
			"rotation": {"angle": 45, "axis": "x", "origin": [4, 8, 4]},
			"faces": {
				"north": {"uv": [2, 2, 3, 3], "rotation": 180, "texture": "#4"},
				"east": {"uv": [0, 0, 1, 1], "rotation": 90, "texture": "#4"},
				"south": {"uv": [0, 0, 1, 1], "texture": "#4"},
				"west": {"uv": [0, 0, 1, 1], "rotation": 270, "texture": "#4"},
				"up": {"uv": [0, 0, 1, 1], "texture": "#4"},
				"down": {"uv": [0, 0, 1, 1], "rotation": 180, "texture": "#4"}
			}
		},
		{
			"from": [7.5, 15, 4.25],
			"to": [8.5, 16, 5.25],
			"rotation": {"angle": 45, "axis": "x", "origin": [4, 8, 4]},
			"faces": {
				"north": {"uv": [2, 2, 3, 3], "rotation": 180, "texture": "#4"},
				"east": {"uv": [0, 0, 1, 1], "rotation": 90, "texture": "#4"},
				"south": {"uv": [0, 0, 1, 1], "texture": "#4"},
				"west": {"uv": [0, 0, 1, 1], "rotation": 270, "texture": "#4"},
				"up": {"uv": [0, 0, 1, 1], "texture": "#4"},
				"down": {"uv": [0, 0, 1, 1], "rotation": 180, "texture": "#4"}
			}
		}
	],
	"display": {
		"head": {
			"rotation": [0, 45, 0],
			"translation": [7.5, -32, 7.5]
		}
	},
	"groups": [0, 1,
		{
			"name": "dish",
			"origin": [8, 8, 8],
			"children": [2, 3, 4, 5, 6, 7, 8, 9, 10, 11, 12, 13, 14, 15]
		}
	]
}