{
	"credit": "Made with Blockbench",
	"textures": {
		"1": "zelda/clawshot/gray",
		"2": "zelda/clawshot/light_gray"
	},
	"elements": [
		{
			"name": "cube2",
			"from": [7.525, 7.5, 7.25],
			"to": [8.475, 8, 8.75],
			"rotation": {"angle": 0, "axis": "y", "origin": [8, 4, 8]},
			"faces": {
				"north": {"uv": [0, 0, 0.95, 1], "texture": "#2"},
				"east": {"uv": [0, 0, 3, 1], "texture": "#2"},
				"south": {"uv": [0, 0, 0.95, 1], "texture": "#2"},
				"west": {"uv": [0, 0, 3, 1], "texture": "#2"},
				"up": {"uv": [0, 0, 0.95, 3], "texture": "#2"},
				"down": {"uv": [0, 0, 0.95, 3], "texture": "#2"}
			}
		},
		{
			"name": "cube3",
			"from": [7.525, 7, 7.25],
			"to": [8.475, 7.5, 8.75],
			"rotation": {"angle": 0, "axis": "y", "origin": [8, 4, 8]},
			"faces": {
				"north": {"uv": [0, 0, 0.95, 1], "texture": "#1"},
				"east": {"uv": [0, 0, 3, 1], "texture": "#1"},
				"south": {"uv": [0, 0, 0.95, 1], "texture": "#1"},
				"west": {"uv": [0, 0, 3, 1], "texture": "#1"},
				"up": {"uv": [0, 0, 0.95, 3], "texture": "#1"},
				"down": {"uv": [0, 0, 0.95, 3], "texture": "#1"}
			}
		},
		{
			"from": [7.525, 0, 7.25],
			"to": [8.475, 0.5, 8.75],
			"rotation": {"angle": 0, "axis": "y", "origin": [8, 4, 8]},
			"faces": {
				"north": {"uv": [0, 0, 0.95, 1], "texture": "#2"},
				"east": {"uv": [0, 0, 3, 1], "texture": "#2"},
				"south": {"uv": [0, 0, 0.95, 1], "texture": "#2"},
				"west": {"uv": [0, 0, 3, 1], "texture": "#2"},
				"up": {"uv": [0, 0, 0.95, 3], "texture": "#2"},
				"down": {"uv": [0, 0, 0.95, 3], "texture": "#2"}
			}
		},
		{
			"from": [7.525, 0.5, 7.25],
			"to": [8.475, 1, 8.75],
			"rotation": {"angle": 0, "axis": "y", "origin": [8, 4, 8]},
			"faces": {
				"north": {"uv": [0, 0, 0.95, 1], "texture": "#1"},
				"east": {"uv": [0, 0, 3, 1], "texture": "#1"},
				"south": {"uv": [0, 0, 0.95, 1], "texture": "#1"},
				"west": {"uv": [0, 0, 3, 1], "texture": "#1"},
				"up": {"uv": [0, 0, 0.95, 3], "texture": "#1"},
				"down": {"uv": [0, 0, 0.95, 3], "texture": "#1"}
			}
		},
		{
			"from": [7.525, 1.4125, 6.3375],
			"to": [8.475, 6.5875, 6.8375],
			"rotation": {"angle": 0, "axis": "y", "origin": [8, 4, 8]},
			"faces": {
				"north": {"uv": [0, 0, 0.95, 10.35], "texture": "#1"},
				"east": {"uv": [0, 0, 1, 10.35], "texture": "#1"},
				"south": {"uv": [0, 0, 0.95, 10.35], "texture": "#1"},
				"west": {"uv": [0, 0, 1, 10.35], "texture": "#1"},
				"up": {"uv": [0, 0, 0.95, 1], "texture": "#1"},
				"down": {"uv": [0, 0, 0.95, 1], "texture": "#1"}
			}
		},
		{
			"from": [7.525, 1.4125, 5.8375],
			"to": [8.475, 6.5875, 6.3375],
			"rotation": {"angle": 0, "axis": "y", "origin": [8, 4, 8]},
			"faces": {
				"north": {"uv": [0, 0, 0.95, 10.35], "texture": "#2"},
				"east": {"uv": [0, 0, 1, 10.35], "texture": "#2"},
				"south": {"uv": [0, 0, 0.95, 10.35], "texture": "#2"},
				"west": {"uv": [0, 0, 1, 10.35], "texture": "#2"},
				"up": {"uv": [0, 0, 0.95, 1], "texture": "#2"},
				"down": {"uv": [0, 0, 0.95, 1], "texture": "#2"}
			}
		},
		{
			"from": [7.525, 1.4125, 9.1625],
			"to": [8.475, 6.5875, 9.6625],
			"rotation": {"angle": 0, "axis": "y", "origin": [8, 4, 8]},
			"faces": {
				"north": {"uv": [0, 0, 0.95, 10.35], "texture": "#1"},
				"east": {"uv": [0, 0, 1, 10.35], "texture": "#1"},
				"south": {"uv": [0, 0, 0.95, 10.35], "texture": "#1"},
				"west": {"uv": [0, 0, 1, 10.35], "texture": "#1"},
				"up": {"uv": [0, 0, 0.95, 1], "texture": "#1"},
				"down": {"uv": [0, 0, 0.95, 1], "texture": "#1"}
			}
		},
		{
			"from": [7.525, 1.4125, 9.6625],
			"to": [8.475, 6.5875, 10.1625],
			"rotation": {"angle": 0, "axis": "y", "origin": [8, 4, 8]},
			"faces": {
				"north": {"uv": [0, 0, 0.95, 10.35], "texture": "#2"},
				"east": {"uv": [0, 0, 1, 10.35], "texture": "#2"},
				"south": {"uv": [0, 0, 0.95, 10.35], "texture": "#2"},
				"west": {"uv": [0, 0, 1, 10.35], "texture": "#2"},
				"up": {"uv": [0, 0, 0.95, 1], "texture": "#2"},
				"down": {"uv": [0, 0, 0.95, 1], "texture": "#2"}
			}
		},
		{
			"from": [7.5, 1.1375, 8.675],
			"to": [8.5, 1.6375, 9.925],
			"rotation": {"angle": 45, "axis": "x", "origin": [8, 4, 8]},
			"faces": {
				"north": {"uv": [0, 0, 1, 1], "texture": "#1"},
				"east": {"uv": [0, 0, 4, 1], "texture": "#1"},
				"south": {"uv": [0, 0, 1, 1], "texture": "#1"},
				"west": {"uv": [0, 0, 4, 1], "texture": "#1"},
				"up": {"uv": [0, 0, 1, 4], "texture": "#1"},
				"down": {"uv": [0, 0, 1, 4], "texture": "#1"}
			}
		},
		{
			"from": [7.5, 0.6375, 8.3],
			"to": [8.5, 1.1375, 10.3],
			"rotation": {"angle": 45, "axis": "x", "origin": [8, 4, 8]},
			"faces": {
				"north": {"uv": [0, 0, 1, 1], "texture": "#2"},
				"east": {"uv": [0, 0, 4, 1], "texture": "#2"},
				"south": {"uv": [0, 0, 1, 1], "texture": "#2"},
				"west": {"uv": [0, 0, 4, 1], "texture": "#2"},
				"up": {"uv": [0, 0, 1, 4], "texture": "#2"},
				"down": {"uv": [0, 0, 1, 4], "texture": "#2"}
			}
		},
		{
			"from": [7.5, 1.1375, 6.075],
			"to": [8.5, 1.6375, 7.325],
			"rotation": {"angle": -45, "axis": "x", "origin": [8, 4, 8]},
			"faces": {
				"north": {"uv": [0, 0, 1, 1], "texture": "#1"},
				"east": {"uv": [0, 0, 4, 1], "texture": "#1"},
				"south": {"uv": [0, 0, 1, 1], "texture": "#1"},
				"west": {"uv": [0, 0, 4, 1], "texture": "#1"},
				"up": {"uv": [0, 0, 1, 4], "texture": "#1"},
				"down": {"uv": [0, 0, 1, 4], "texture": "#1"}
			}
		},
		{
			"from": [7.5, 0.6375, 5.7],
			"to": [8.5, 1.1375, 7.7],
			"rotation": {"angle": -45, "axis": "x", "origin": [8, 4, 8]},
			"faces": {
				"north": {"uv": [0, 0, 1, 1], "texture": "#2"},
				"east": {"uv": [0, 0, 4, 1], "texture": "#2"},
				"south": {"uv": [0, 0, 1, 1], "texture": "#2"},
				"west": {"uv": [0, 0, 4, 1], "texture": "#2"},
				"up": {"uv": [0, 0, 1, 4], "texture": "#2"},
				"down": {"uv": [0, 0, 1, 4], "texture": "#2"}
			}
		},
		{
			"from": [7.5, 6.3625, 8.675],
			"to": [8.5, 6.8625, 9.925],
			"rotation": {"angle": -45, "axis": "x", "origin": [8, 4, 8]},
			"faces": {
				"north": {"uv": [0, 1, 1, 2], "texture": "#1"},
				"east": {"uv": [0, 1, 4, 2], "texture": "#1"},
				"south": {"uv": [0, 1, 1, 2], "texture": "#1"},
				"west": {"uv": [0, 1, 4, 2], "texture": "#1"},
				"up": {"uv": [0, 4, 1, 8], "texture": "#1"},
				"down": {"uv": [0, 4, 1, 8], "texture": "#1"}
			}
		},
		{
			"from": [7.5, 6.8625, 8.3],
			"to": [8.5, 7.3625, 10.3],
			"rotation": {"angle": -45, "axis": "x", "origin": [8, 4, 8]},
			"faces": {
				"north": {"uv": [0, 1, 1, 2], "texture": "#2"},
				"east": {"uv": [0, 1, 4, 2], "texture": "#2"},
				"south": {"uv": [0, 1, 1, 2], "texture": "#2"},
				"west": {"uv": [0, 1, 4, 2], "texture": "#2"},
				"up": {"uv": [0, 4, 1, 8], "texture": "#2"},
				"down": {"uv": [0, 4, 1, 8], "texture": "#2"}
			}
		},
		{
			"from": [7.5, 6.3625, 6.075],
			"to": [8.5, 6.8625, 7.325],
			"rotation": {"angle": 45, "axis": "x", "origin": [8, 4, 8]},
			"faces": {
				"north": {"uv": [0, 1, 1, 2], "texture": "#1"},
				"east": {"uv": [0, 1, 4, 2], "texture": "#1"},
				"south": {"uv": [0, 1, 1, 2], "texture": "#1"},
				"west": {"uv": [0, 1, 4, 2], "texture": "#1"},
				"up": {"uv": [0, 4, 1, 8], "texture": "#1"},
				"down": {"uv": [0, 4, 1, 8], "texture": "#1"}
			}
		},
		{
			"from": [7.5, 6.8625, 5.7],
			"to": [8.5, 7.3625, 7.7],
			"rotation": {"angle": 45, "axis": "x", "origin": [8, 4, 8]},
			"faces": {
				"north": {"uv": [0, 1, 1, 2], "texture": "#2"},
				"east": {"uv": [0, 1, 4, 2], "texture": "#2"},
				"south": {"uv": [0, 1, 1, 2], "texture": "#2"},
				"west": {"uv": [0, 1, 4, 2], "texture": "#2"},
				"up": {"uv": [0, 4, 1, 8], "texture": "#2"},
				"down": {"uv": [0, 4, 1, 8], "texture": "#2"}
			}
		},
		{
			"name": "cube3",
			"from": [7.25, 13.25, 7.525],
			"to": [8.75, 13.75, 8.475],
			"rotation": {"angle": 0, "axis": "y", "origin": [8, 9.75, 8]},
			"faces": {
				"north": {"uv": [0, 0, 3, 1], "texture": "#2"},
				"east": {"uv": [0, 0, 0.95, 1], "texture": "#2"},
				"south": {"uv": [0, 0, 3, 1], "texture": "#2"},
				"west": {"uv": [0, 0, 0.95, 1], "texture": "#2"},
				"up": {"uv": [0, 0, 0.95, 3], "rotation": 90, "texture": "#2"},
				"down": {"uv": [0, 0, 0.95, 3], "rotation": 270, "texture": "#2"}
			}
		},
		{
			"name": "cube4",
			"from": [7.25, 12.75, 7.525],
			"to": [8.75, 13.25, 8.475],
			"rotation": {"angle": 0, "axis": "y", "origin": [8, 9.75, 8]},
			"faces": {
				"north": {"uv": [0, 0, 3, 1], "texture": "#1"},
				"east": {"uv": [0, 0, 0.95, 1], "texture": "#1"},
				"south": {"uv": [0, 0, 3, 1], "texture": "#1"},
				"west": {"uv": [0, 0, 0.95, 1], "texture": "#1"},
				"up": {"uv": [0, 0, 0.95, 3], "rotation": 90, "texture": "#1"},
				"down": {"uv": [0, 0, 0.95, 3], "rotation": 270, "texture": "#1"}
			}
		},
		{
			"from": [7.25, 5.75, 7.525],
			"to": [8.75, 6.25, 8.475],
			"rotation": {"angle": 0, "axis": "y", "origin": [8, 9.75, 8]},
			"faces": {
				"north": {"uv": [0, 0, 3, 1], "texture": "#2"},
				"east": {"uv": [0, 0, 0.95, 1], "texture": "#2"},
				"south": {"uv": [0, 0, 3, 1], "texture": "#2"},
				"west": {"uv": [0, 0, 0.95, 1], "texture": "#2"},
				"up": {"uv": [0, 0, 0.95, 3], "rotation": 90, "texture": "#2"},
				"down": {"uv": [0, 0, 0.95, 3], "rotation": 270, "texture": "#2"}
			}
		},
		{
			"from": [7.25, 6.25, 7.525],
			"to": [8.75, 6.75, 8.475],
			"rotation": {"angle": 0, "axis": "y", "origin": [8, 9.75, 8]},
			"faces": {
				"north": {"uv": [0, 0, 3, 1], "texture": "#1"},
				"east": {"uv": [0, 0, 0.95, 1], "texture": "#1"},
				"south": {"uv": [0, 0, 3, 1], "texture": "#1"},
				"west": {"uv": [0, 0, 0.95, 1], "texture": "#1"},
				"up": {"uv": [0, 0, 0.95, 3], "rotation": 90, "texture": "#1"},
				"down": {"uv": [0, 0, 0.95, 3], "rotation": 270, "texture": "#1"}
			}
		},
		{
			"from": [9.1625, 7.1625, 7.525],
			"to": [9.6625, 12.3375, 8.475],
			"rotation": {"angle": 0, "axis": "y", "origin": [8, 9.75, 8]},
			"faces": {
				"north": {"uv": [0, 0, 1, 10.35], "texture": "#1"},
				"east": {"uv": [0, 0, 0.95, 10.35], "texture": "#1"},
				"south": {"uv": [0, 0, 1, 10.35], "texture": "#1"},
				"west": {"uv": [0, 0, 0.95, 10.35], "texture": "#1"},
				"up": {"uv": [0, 0, 0.95, 1], "rotation": 90, "texture": "#1"},
				"down": {"uv": [0, 0, 0.95, 1], "rotation": 270, "texture": "#1"}
			}
		},
		{
			"from": [9.6625, 7.1625, 7.525],
			"to": [10.1625, 12.3375, 8.475],
			"rotation": {"angle": 0, "axis": "y", "origin": [8, 9.75, 8]},
			"faces": {
				"north": {"uv": [0, 0, 1, 10.35], "texture": "#2"},
				"east": {"uv": [0, 0, 0.95, 10.35], "texture": "#2"},
				"south": {"uv": [0, 0, 1, 10.35], "texture": "#2"},
				"west": {"uv": [0, 0, 0.95, 10.35], "texture": "#2"},
				"up": {"uv": [0, 0, 0.95, 1], "rotation": 90, "texture": "#2"},
				"down": {"uv": [0, 0, 0.95, 1], "rotation": 270, "texture": "#2"}
			}
		},
		{
			"from": [6.3375, 7.1625, 7.525],
			"to": [6.8375, 12.3375, 8.475],
			"rotation": {"angle": 0, "axis": "y", "origin": [8, 9.75, 8]},
			"faces": {
				"north": {"uv": [0, 0, 1, 10.35], "texture": "#1"},
				"east": {"uv": [0, 0, 0.95, 10.35], "texture": "#1"},
				"south": {"uv": [0, 0, 1, 10.35], "texture": "#1"},
				"west": {"uv": [0, 0, 0.95, 10.35], "texture": "#1"},
				"up": {"uv": [0, 0, 0.95, 1], "rotation": 90, "texture": "#1"},
				"down": {"uv": [0, 0, 0.95, 1], "rotation": 270, "texture": "#1"}
			}
		},
		{
			"from": [5.8375, 7.1625, 7.525],
			"to": [6.3375, 12.3375, 8.475],
			"rotation": {"angle": 0, "axis": "y", "origin": [8, 9.75, 8]},
			"faces": {
				"north": {"uv": [0, 0, 1, 10.35], "texture": "#2"},
				"east": {"uv": [0, 0, 0.95, 10.35], "texture": "#2"},
				"south": {"uv": [0, 0, 1, 10.35], "texture": "#2"},
				"west": {"uv": [0, 0, 0.95, 10.35], "texture": "#2"},
				"up": {"uv": [0, 0, 0.95, 1], "rotation": 90, "texture": "#2"},
				"down": {"uv": [0, 0, 0.95, 1], "rotation": 270, "texture": "#2"}
			}
		},
		{
			"from": [6.075, 6.8875, 7.5],
			"to": [7.325, 7.3875, 8.5],
			"rotation": {"angle": 45, "axis": "z", "origin": [8, 9.75, 8]},
			"faces": {
				"north": {"uv": [0, 0, 4, 1], "texture": "#1"},
				"east": {"uv": [0, 0, 1, 1], "texture": "#1"},
				"south": {"uv": [0, 0, 4, 1], "texture": "#1"},
				"west": {"uv": [0, 0, 1, 1], "texture": "#1"},
				"up": {"uv": [0, 0, 1, 4], "rotation": 90, "texture": "#1"},
				"down": {"uv": [0, 0, 1, 4], "rotation": 270, "texture": "#1"}
			}
		},
		{
			"from": [5.7, 6.3875, 7.5],
			"to": [7.7, 6.8875, 8.5],
			"rotation": {"angle": 45, "axis": "z", "origin": [8, 9.75, 8]},
			"faces": {
				"north": {"uv": [0, 0, 4, 1], "texture": "#2"},
				"east": {"uv": [0, 0, 1, 1], "texture": "#2"},
				"south": {"uv": [0, 0, 4, 1], "texture": "#2"},
				"west": {"uv": [0, 0, 1, 1], "texture": "#2"},
				"up": {"uv": [0, 0, 1, 4], "rotation": 90, "texture": "#2"},
				"down": {"uv": [0, 0, 1, 4], "rotation": 270, "texture": "#2"}
			}
		},
		{
			"from": [8.675, 6.8875, 7.5],
			"to": [9.925, 7.3875, 8.5],
			"rotation": {"angle": -45, "axis": "z", "origin": [8, 9.75, 8]},
			"faces": {
				"north": {"uv": [0, 0, 4, 1], "texture": "#1"},
				"east": {"uv": [0, 0, 1, 1], "texture": "#1"},
				"south": {"uv": [0, 0, 4, 1], "texture": "#1"},
				"west": {"uv": [0, 0, 1, 1], "texture": "#1"},
				"up": {"uv": [0, 0, 1, 4], "rotation": 90, "texture": "#1"},
				"down": {"uv": [0, 0, 1, 4], "rotation": 270, "texture": "#1"}
			}
		},
		{
			"from": [8.3, 6.3875, 7.5],
			"to": [10.3, 6.8875, 8.5],
			"rotation": {"angle": -45, "axis": "z", "origin": [8, 9.75, 8]},
			"faces": {
				"north": {"uv": [0, 0, 4, 1], "texture": "#2"},
				"east": {"uv": [0, 0, 1, 1], "texture": "#2"},
				"south": {"uv": [0, 0, 4, 1], "texture": "#2"},
				"west": {"uv": [0, 0, 1, 1], "texture": "#2"},
				"up": {"uv": [0, 0, 1, 4], "rotation": 90, "texture": "#2"},
				"down": {"uv": [0, 0, 1, 4], "rotation": 270, "texture": "#2"}
			}
		},
		{
			"from": [6.075, 12.1125, 7.5],
			"to": [7.325, 12.6125, 8.5],
			"rotation": {"angle": -45, "axis": "z", "origin": [8, 9.75, 8]},
			"faces": {
				"north": {"uv": [0, 1, 4, 2], "texture": "#1"},
				"east": {"uv": [0, 1, 1, 2], "texture": "#1"},
				"south": {"uv": [0, 1, 4, 2], "texture": "#1"},
				"west": {"uv": [0, 1, 1, 2], "texture": "#1"},
				"up": {"uv": [0, 4, 1, 8], "rotation": 90, "texture": "#1"},
				"down": {"uv": [0, 4, 1, 8], "rotation": 270, "texture": "#1"}
			}
		},
		{
			"from": [5.7, 12.6125, 7.5],
			"to": [7.7, 13.1125, 8.5],
			"rotation": {"angle": -45, "axis": "z", "origin": [8, 9.75, 8]},
			"faces": {
				"north": {"uv": [0, 1, 4, 2], "texture": "#2"},
				"east": {"uv": [0, 1, 1, 2], "texture": "#2"},
				"south": {"uv": [0, 1, 4, 2], "texture": "#2"},
				"west": {"uv": [0, 1, 1, 2], "texture": "#2"},
				"up": {"uv": [0, 4, 1, 8], "rotation": 90, "texture": "#2"},
				"down": {"uv": [0, 4, 1, 8], "rotation": 270, "texture": "#2"}
			}
		},
		{
			"from": [8.675, 12.1125, 7.5],
			"to": [9.925, 12.6125, 8.5],
			"rotation": {"angle": 45, "axis": "z", "origin": [8, 9.75, 8]},
			"faces": {
				"north": {"uv": [0, 1, 4, 2], "texture": "#1"},
				"east": {"uv": [0, 1, 1, 2], "texture": "#1"},
				"south": {"uv": [0, 1, 4, 2], "texture": "#1"},
				"west": {"uv": [0, 1, 1, 2], "texture": "#1"},
				"up": {"uv": [0, 4, 1, 8], "rotation": 90, "texture": "#1"},
				"down": {"uv": [0, 4, 1, 8], "rotation": 270, "texture": "#1"}
			}
		},
		{
			"from": [8.3, 12.6125, 7.5],
			"to": [10.3, 13.1125, 8.5],
			"rotation": {"angle": 45, "axis": "z", "origin": [8, 9.75, 8]},
			"faces": {
				"north": {"uv": [0, 1, 4, 2], "texture": "#2"},
				"east": {"uv": [0, 1, 1, 2], "texture": "#2"},
				"south": {"uv": [0, 1, 4, 2], "texture": "#2"},
				"west": {"uv": [0, 1, 1, 2], "texture": "#2"},
				"up": {"uv": [0, 4, 1, 8], "rotation": 90, "texture": "#2"},
				"down": {"uv": [0, 4, 1, 8], "rotation": 270, "texture": "#2"}
			}
		}
	],
	"display": {
		"thirdperson_righthand": {
			"rotation": [-2, 89, -1],
			"translation": [0, 4, -3.25],
			"scale": [0.63, 0.63, 0.63]
		},
		"thirdperson_lefthand": {
			"rotation": [90, 90, 0],
			"translation": [0, 4, -3.25],
			"scale": [0.63, 0.63, 0.63]
		},
		"firstperson_righthand": {
			"rotation": [20, -88, -9],
			"translation": [1.5, 6, -4],
			"scale": [-1, 1, 1]
		},
		"firstperson_lefthand": {
			"rotation": [20, -88, -9],
			"translation": [1.5, 6, -4]
		},
		"head": {
			"translation": [0, -8, 0],
			"scale": [0.9, 0.9, 0.9]
		}
	},
	"groups": [
		{
			"name": "Link",
			"origin": [8, 8, 8],
			"children": [0, 1, 2, 3, 4, 5, 6, 7, 8, 9, 10, 11, 12, 13, 14, 15]
		},
		{
			"name": "Link",
			"origin": [8, 8, 8],
			"children": [16, 17, 18, 19, 20, 21, 22, 23, 24, 25, 26, 27, 28, 29, 30, 31]
		}
	]
}