{
	"credit": "Made with Blockbench",
	"textures": {
		"1": "zelda/clawshot/light_gray",
		"2": "zelda/clawshot/dark_blue",
		"3": "zelda/clawshot/dark_gray",
		"4": "zelda/clawshot/light_blue",
		"5": "zelda/clawshot/color_pallet",
		"6": "zelda/clawshot/black",
		"particle": "zelda/clawshot/light_gray"
	},
	"elements": [
		{
			"from": [4, 0, 4],
			"to": [12, 5, 12],
			"faces": {
				"north": {"uv": [0, 4, 8, 8.998], "texture": "#5"},
				"east": {"uv": [0, 4, 8, 8.999], "texture": "#5"},
				"south": {"uv": [0, 4, 8, 8.999], "texture": "#5"},
				"west": {"uv": [0, 4, 8, 8.999], "texture": "#5"},
				"up": {"uv": [0, 0, 16, 16], "texture": "#2"},
				"down": {"uv": [0, 0, 16, 16], "texture": "#2"}
			}
		},
		{
			"from": [5, 7, 5],
			"to": [11, 9, 11],
			"faces": {
				"north": {"uv": [4, 0, 10, 2], "texture": "#4"},
				"east": {"uv": [8, 0, 14, 2], "texture": "#4"},
				"south": {"uv": [9.999, 0, 15.999, 2], "texture": "#4"},
				"west": {"uv": [0, 0, 6, 2], "texture": "#4"},
				"up": {"uv": [0, 0, 6, 6], "texture": "#missing"},
				"down": {"uv": [0, 0, 6, 6], "texture": "#missing"}
			}
		},
		{
			"from": [4.5, 9, 4.5],
			"to": [11.5, 10, 11.5],
			"faces": {
				"north": {"uv": [0, 0, 7, 1], "texture": "#6"},
				"east": {"uv": [0, 0, 7, 1], "texture": "#6"},
				"south": {"uv": [0, 0, 7, 1], "texture": "#6"},
				"west": {"uv": [0, 0, 7, 1], "texture": "#6"},
				"up": {"uv": [0, 0, 7, 7], "texture": "#6"},
				"down": {"uv": [0, 0, 7, 7], "texture": "#6"}
			}
		},
		{
			"from": [5, 10, 5],
			"to": [11, 11, 11],
			"faces": {
				"north": {"uv": [0, 0, 6, 1], "texture": "#4"},
				"east": {"uv": [0, 0, 6, 1], "texture": "#4"},
				"south": {"uv": [0, 0, 6, 1], "texture": "#4"},
				"west": {"uv": [0, 0, 6, 1], "texture": "#4"},
				"up": {"uv": [0, 0, 6, 6], "texture": "#4"},
				"down": {"uv": [0, 0, 6, 6], "texture": "#4"}
			}
		},
		{
			"from": [5.25, 11, 5.25],
			"to": [10.75, 12, 10.75],
			"faces": {
				"north": {"uv": [0, 0, 5.5, 1], "texture": "#4"},
				"east": {"uv": [0, 0, 5.5, 1], "texture": "#4"},
				"south": {"uv": [0, 0, 5.5, 1], "texture": "#4"},
				"west": {"uv": [0, 0, 5.5, 1], "texture": "#4"},
				"up": {"uv": [0, 0, 5.5, 5.5], "texture": "#4"},
				"down": {"uv": [0, 0, 5.5, 5.5], "texture": "#4"}
			}
		},
		{
			"from": [5.5, 12, 5.5],
			"to": [10.5, 13, 10.5],
			"faces": {
				"north": {"uv": [0, 0, 5, 1], "texture": "#4"},
				"east": {"uv": [0, 0, 5, 1], "texture": "#4"},
				"south": {"uv": [0, 0, 5, 1], "texture": "#4"},
				"west": {"uv": [0, 0, 5, 1], "texture": "#4"},
				"up": {"uv": [0, 0, 5, 5], "texture": "#4"},
				"down": {"uv": [0, 0, 5, 5], "texture": "#4"}
			}
		},
		{
			"from": [4.5, 5, 4.5],
			"to": [11.5, 7, 11.5],
			"faces": {
				"north": {"uv": [0, 0, 7, 2], "texture": "#2"},
				"east": {"uv": [0, 0, 7, 2], "texture": "#2"},
				"south": {"uv": [0, 0, 7, 2], "texture": "#2"},
				"west": {"uv": [0, 0, 7, 2], "texture": "#2"},
				"up": {"uv": [0, 0, 7, 7], "texture": "#2"},
				"down": {"uv": [0, 0, 7, 7], "texture": "#2"}
			}
		},
		{
			"from": [6.5, 13, 6.5],
			"to": [9.5, 14, 9.5],
			"faces": {
				"north": {"uv": [0, 0, 3, 1], "texture": "#3"},
				"east": {"uv": [0, 0, 3, 1], "texture": "#3"},
				"south": {"uv": [0, 0, 3, 1], "texture": "#3"},
				"west": {"uv": [0, 0, 3, 1], "texture": "#3"},
				"up": {"uv": [0, 0, 3, 3], "texture": "#3"},
				"down": {"uv": [0, 0, 3, 3], "texture": "#3"}
			}
		},
		{
			"from": [6.5, 16, 6.5],
			"to": [9.5, 16.75, 9.5],
			"faces": {
				"north": {"uv": [0, 0, 3, 0.75], "texture": "#3"},
				"east": {"uv": [0, 0, 3, 0.75], "texture": "#3"},
				"south": {"uv": [0, 0, 3, 0.75], "texture": "#3"},
				"west": {"uv": [0, 0, 3, 0.75], "texture": "#3"},
				"up": {"uv": [0, 0, 3, 3], "texture": "#3"},
				"down": {"uv": [0, 0, 3, 3], "texture": "#3"}
			}
		},
		{
			"from": [6, 14, 6],
			"to": [10, 16, 10],
			"faces": {
				"north": {"uv": [0, 0, 4, 2], "texture": "#3"},
				"east": {"uv": [0, 0, 4, 2], "texture": "#3"},
				"south": {"uv": [0, 0, 4, 2], "texture": "#3"},
				"west": {"uv": [0, 0, 4, 2], "texture": "#3"},
				"up": {"uv": [0, 0, 4, 4], "texture": "#3"},
				"down": {"uv": [0, 0, 4, 4], "texture": "#3"}
			}
		},
		{
			"from": [3, 14, 7.5],
			"to": [13, 14.75, 8.5],
			"faces": {
				"north": {"uv": [0, 0, 10, 0.75], "texture": "#3"},
				"east": {"uv": [0, 0, 1, 0.75], "texture": "#3"},
				"south": {"uv": [0, 0, 10, 0.75], "texture": "#3"},
				"west": {"uv": [0, 0, 1, 0.75], "texture": "#3"},
				"up": {"uv": [0, 0, 10, 1], "texture": "#3"},
				"down": {"uv": [0, 0, 10, 1], "texture": "#3"}
			}
		},
		{
			"from": [7.5, 14.25, 3],
			"to": [8.5, 15, 13],
			"faces": {
				"north": {"uv": [0, 0, 1, 0.75], "texture": "#3"},
				"east": {"uv": [0, 0, 10, 0.75], "texture": "#3"},
				"south": {"uv": [0, 0, 1, 0.75], "texture": "#3"},
				"west": {"uv": [0, 0, 10, 0.75], "texture": "#3"},
				"up": {"uv": [0, 0, 10, 1], "rotation": 90, "texture": "#3"},
				"down": {"uv": [0, 0, 10, 1], "rotation": 270, "texture": "#3"}
			}
		},
		{
			"from": [4, 16.75, 7.525],
			"to": [8, 17.5, 8.475],
			"rotation": {"angle": 22.5, "axis": "z", "origin": [12, 11.75, 8]},
			"faces": {
				"north": {"uv": [0, 0, 4, 0.75], "texture": "#3"},
				"east": {"uv": [0, 0, 0.95, 0.75], "texture": "#3"},
				"south": {"uv": [0, 0, 4, 0.75], "texture": "#3"},
				"west": {"uv": [0, 0, 0.95, 0.75], "texture": "#3"},
				"up": {"uv": [0, 0, 4, 0.95], "texture": "#3"},
				"down": {"uv": [0, 0, 4, 0.95], "texture": "#3"}
			}
		},
		{
			"from": [0.625, 9.05, 7.475],
			"to": [3.825, 10.35, 8.525],
			"rotation": {"angle": -22.5, "axis": "z", "origin": [12, 11.75, 8]},
			"faces": {
				"north": {"uv": [0, 0, 1.3, 3.2], "rotation": 90, "texture": "#1"},
				"east": {"uv": [0, 0, 1.3, 1.05], "rotation": 270, "texture": "#1"},
				"south": {"uv": [0, 0, 1.3, 3.2], "rotation": 270, "texture": "#1"},
				"west": {"uv": [0, 0, 1.3, 1.05], "rotation": 270, "texture": "#1"},
				"up": {"uv": [0, 0, 1.05, 3.2], "rotation": 270, "texture": "#1"},
				"down": {"uv": [0, 0, 1.05, 3.2], "rotation": 270, "texture": "#1"}
			}
		},
		{
			"from": [4.95, 18.275, 7.5],
			"to": [6.375, 20.9, 8.5],
			"rotation": {"angle": 45, "axis": "z", "origin": [12, 11.75, 8]},
			"faces": {
				"north": {"uv": [0, 0, 1.425, 2.625], "texture": "#1"},
				"east": {"uv": [0, 0, 1, 2.625], "texture": "#1"},
				"south": {"uv": [0, 0, 1.425, 2.625], "texture": "#1"},
				"west": {"uv": [0, 0, 1, 2.625], "texture": "#1"},
				"up": {"uv": [0, 0, 1.425, 1], "texture": "#1"},
				"down": {"uv": [0, 0, 1.425, 1], "texture": "#1"}
			}
		},
		{
			"from": [2, 17.5, 7.6],
			"to": [3, 25.5, 8.4],
			"rotation": {"angle": 22.5, "axis": "z", "origin": [12, 11.75, 8]},
			"faces": {
				"north": {"uv": [0, 0, 1, 8], "texture": "#1"},
				"east": {"uv": [0, 0, 0.8, 8], "texture": "#1"},
				"south": {"uv": [0, 0, 1, 8], "texture": "#1"},
				"west": {"uv": [0, 0, 0.8, 8], "texture": "#1"},
				"up": {"uv": [0, 0, 1, 0.8], "texture": "#1"},
				"down": {"uv": [0, 0, 1, 0.8], "texture": "#1"}
			}
		},
		{
			"name": "cube3",
			"from": [-0.25, 15.375, 7.7],
			"to": [0.75, 18.625, 8.3],
			"rotation": {"angle": 0, "axis": "z", "origin": [12, 11.75, 8]},
			"faces": {
				"north": {"uv": [0, 0, 1, 3.25], "texture": "#1"},
				"east": {"uv": [0, 0, 0.6, 3.25], "texture": "#1"},
				"south": {"uv": [0, 0, 1, 3.25], "texture": "#1"},
				"west": {"uv": [0, 0, 0.6, 3.25], "texture": "#1"},
				"up": {"uv": [0, 0, 1, 0.6], "texture": "#1"},
				"down": {"uv": [0, 0, 1, 0.6], "texture": "#1"}
			}
		},
		{
			"from": [-2.8, 12.6, 7.725],
			"to": [-1.025, 13.8, 8.275],
			"rotation": {"angle": -22.5, "axis": "z", "origin": [12, 11.75, 8]},
			"faces": {
				"north": {"uv": [0, 0, 1.2, 1.775], "rotation": 90, "texture": "#1"},
				"east": {"uv": [0, 0, 1.2, 0.55], "rotation": 270, "texture": "#1"},
				"south": {"uv": [0, 0, 1.2, 1.775], "rotation": 270, "texture": "#1"},
				"west": {"uv": [0, 0, 1.2, 0.55], "rotation": 270, "texture": "#1"},
				"up": {"uv": [0, 0, 0.55, 1.775], "rotation": 270, "texture": "#1"},
				"down": {"uv": [0, 0, 0.55, 1.775], "rotation": 270, "texture": "#1"}
			}
		},
		{
			"name": "cube2",
			"from": [-2.5, 20.625, 7.7],
			"to": [-1.5, 23.625, 8.3],
			"rotation": {"angle": 0, "axis": "z", "origin": [12, 11.75, 8]},
			"faces": {
				"north": {"uv": [0, 0, 1, 3], "texture": "#1"},
				"east": {"uv": [0, 0, 0.6, 3], "texture": "#1"},
				"south": {"uv": [0, 0, 1, 3], "texture": "#1"},
				"west": {"uv": [0, 0, 0.6, 3], "texture": "#1"},
				"up": {"uv": [0, 0, 1, 0.6], "texture": "#1"},
				"down": {"uv": [0, 0, 1, 0.6], "texture": "#1"}
			}
		},
		{
			"name": "cube3",
			"from": [10.15, 29.7, 7.725],
			"to": [10.85, 30.4, 8.275],
			"rotation": {"angle": 45, "axis": "z", "origin": [12, 11.75, 8]},
			"faces": {
				"north": {"uv": [0, 0, 0.7, 0.7], "texture": "#1"},
				"east": {"uv": [0, 0, 0.55, 0.7], "texture": "#1"},
				"south": {"uv": [0, 0, 0.7, 0.7], "texture": "#1"},
				"west": {"uv": [0, 0, 0.55, 0.7], "texture": "#1"},
				"up": {"uv": [0, 0, 0.7, 0.55], "texture": "#1"},
				"down": {"uv": [0, 0, 0.7, 0.55], "texture": "#1"}
			}
		},
		{
			"from": [8, 16.75, 7.525],
			"to": [12, 17.5, 8.475],
			"rotation": {"angle": -22.5, "axis": "z", "origin": [4, 11.75, 8]},
			"faces": {
				"north": {"uv": [4, 0, 0, 0.75], "texture": "#3"},
				"east": {"uv": [0.95, 0, 0, 0.75], "texture": "#3"},
				"south": {"uv": [4, 0, 0, 0.75], "texture": "#3"},
				"west": {"uv": [0.95, 0, 0, 0.75], "texture": "#3"},
				"up": {"uv": [4, 0, 0, 0.95], "texture": "#3"},
				"down": {"uv": [4, 0, 0, 0.95], "texture": "#3"}
			}
		},
		{
			"from": [12.175, 9.05, 7.475],
			"to": [15.375, 10.35, 8.525],
			"rotation": {"angle": 22.5, "axis": "z", "origin": [4, 11.75, 8]},
			"faces": {
				"north": {"uv": [0, 3.2, 1.3, 0], "rotation": 90, "texture": "#1"},
				"east": {"uv": [0, 1.05, 1.3, 0], "rotation": 270, "texture": "#1"},
				"south": {"uv": [0, 3.2, 1.3, 0], "rotation": 270, "texture": "#1"},
				"west": {"uv": [0, 1.05, 1.3, 0], "rotation": 270, "texture": "#1"},
				"up": {"uv": [0, 3.2, 1.05, 0], "rotation": 270, "texture": "#1"},
				"down": {"uv": [0, 3.2, 1.05, 0], "rotation": 270, "texture": "#1"}
			}
		},
		{
			"from": [9.625, 18.275, 7.5],
			"to": [11.05, 20.9, 8.5],
			"rotation": {"angle": -45, "axis": "z", "origin": [4, 11.75, 8]},
			"faces": {
				"north": {"uv": [1.425, 0, 0, 2.625], "texture": "#1"},
				"east": {"uv": [1, 0, 0, 2.625], "texture": "#1"},
				"south": {"uv": [1.425, 0, 0, 2.625], "texture": "#1"},
				"west": {"uv": [1, 0, 0, 2.625], "texture": "#1"},
				"up": {"uv": [1.425, 0, 0, 1], "texture": "#1"},
				"down": {"uv": [1.425, 0, 0, 1], "texture": "#1"}
			}
		},
		{
			"from": [13, 17.5, 7.6],
			"to": [14, 25.5, 8.4],
			"rotation": {"angle": -22.5, "axis": "z", "origin": [4, 11.75, 8]},
			"faces": {
				"north": {"uv": [1, 0, 0, 8], "texture": "#1"},
				"east": {"uv": [0.8, 0, 0, 8], "texture": "#1"},
				"south": {"uv": [1, 0, 0, 8], "texture": "#1"},
				"west": {"uv": [0.8, 0, 0, 8], "texture": "#1"},
				"up": {"uv": [1, 0, 0, 0.8], "texture": "#1"},
				"down": {"uv": [1, 0, 0, 0.8], "texture": "#1"}
			}
		},
		{
			"name": "cube4",
			"from": [15.25, 15.375, 7.7],
			"to": [16.25, 18.625, 8.3],
			"rotation": {"angle": 0, "axis": "z", "origin": [4, 11.75, 8]},
			"faces": {
				"north": {"uv": [1, 0, 0, 3.25], "texture": "#1"},
				"east": {"uv": [0.6, 0, 0, 3.25], "texture": "#1"},
				"south": {"uv": [1, 0, 0, 3.25], "texture": "#1"},
				"west": {"uv": [0.6, 0, 0, 3.25], "texture": "#1"},
				"up": {"uv": [1, 0, 0, 0.6], "texture": "#1"},
				"down": {"uv": [1, 0, 0, 0.6], "texture": "#1"}
			}
		},
		{
			"from": [17.025, 12.6, 7.725],
			"to": [18.8, 13.8, 8.275],
			"rotation": {"angle": 22.5, "axis": "z", "origin": [4, 11.75, 8]},
			"faces": {
				"north": {"uv": [0, 1.775, 1.2, 0], "rotation": 90, "texture": "#1"},
				"east": {"uv": [0, 0.55, 1.2, 0], "rotation": 270, "texture": "#1"},
				"south": {"uv": [0, 1.775, 1.2, 0], "rotation": 270, "texture": "#1"},
				"west": {"uv": [0, 0.55, 1.2, 0], "rotation": 270, "texture": "#1"},
				"up": {"uv": [0, 1.775, 0.55, 0], "rotation": 270, "texture": "#1"},
				"down": {"uv": [0, 1.775, 0.55, 0], "rotation": 270, "texture": "#1"}
			}
		},
		{
			"name": "cube3",
			"from": [17.5, 20.625, 7.7],
			"to": [18.5, 23.625, 8.3],
			"rotation": {"angle": 0, "axis": "z", "origin": [4, 11.75, 8]},
			"faces": {
				"north": {"uv": [1, 0, 0, 3], "texture": "#1"},
				"east": {"uv": [0.6, 0, 0, 3], "texture": "#1"},
				"south": {"uv": [1, 0, 0, 3], "texture": "#1"},
				"west": {"uv": [0.6, 0, 0, 3], "texture": "#1"},
				"up": {"uv": [1, 0, 0, 0.6], "texture": "#1"},
				"down": {"uv": [1, 0, 0, 0.6], "texture": "#1"}
			}
		},
		{
			"name": "cube4",
			"from": [5.15, 29.7, 7.725],
			"to": [5.85, 30.4, 8.275],
			"rotation": {"angle": -45, "axis": "z", "origin": [4, 11.75, 8]},
			"faces": {
				"north": {"uv": [0.7, 0, 0, 0.7], "texture": "#1"},
				"east": {"uv": [0.55, 0, 0, 0.7], "texture": "#1"},
				"south": {"uv": [0.7, 0, 0, 0.7], "texture": "#1"},
				"west": {"uv": [0.55, 0, 0, 0.7], "texture": "#1"},
				"up": {"uv": [0.7, 0, 0, 0.55], "texture": "#1"},
				"down": {"uv": [0.7, 0, 0, 0.55], "texture": "#1"}
			}
		},
		{
			"from": [7.525, 16.75, 4],
			"to": [8.475, 17.5, 8],
			"rotation": {"angle": -22.5, "axis": "x", "origin": [8, 11.75, 12]},
			"faces": {
				"north": {"uv": [0, 0, 0.95, 0.75], "texture": "#3"},
				"east": {"uv": [0, 0, 4, 0.75], "texture": "#3"},
				"south": {"uv": [0, 0, 0.95, 0.75], "texture": "#3"},
				"west": {"uv": [0, 0, 4, 0.75], "texture": "#3"},
				"up": {"uv": [0, 0, 4, 0.95], "rotation": 90, "texture": "#3"},
				"down": {"uv": [0, 0, 4, 0.95], "rotation": 270, "texture": "#3"}
			}
		},
		{
			"from": [7.475, 9.05, 0.625],
			"to": [8.525, 10.35, 3.825],
			"rotation": {"angle": 22.5, "axis": "x", "origin": [8, 11.75, 12]},
			"faces": {
				"north": {"uv": [0, 0, 1.3, 1.05], "rotation": 270, "texture": "#1"},
				"east": {"uv": [0, 0, 1.3, 3.2], "rotation": 90, "texture": "#1"},
				"south": {"uv": [0, 0, 1.3, 1.05], "rotation": 270, "texture": "#1"},
				"west": {"uv": [0, 0, 1.3, 3.2], "rotation": 270, "texture": "#1"},
				"up": {"uv": [0, 0, 1.05, 3.2], "texture": "#1"},
				"down": {"uv": [0, 0, 1.05, 3.2], "rotation": 180, "texture": "#1"}
			}
		},
		{
			"from": [7.5, 18.275, 4.95],
			"to": [8.5, 20.9, 6.375],
			"rotation": {"angle": -45, "axis": "x", "origin": [8, 11.75, 12]},
			"faces": {
				"north": {"uv": [0, 0, 1, 2.625], "texture": "#1"},
				"east": {"uv": [0, 0, 1.425, 2.625], "texture": "#1"},
				"south": {"uv": [0, 0, 1, 2.625], "texture": "#1"},
				"west": {"uv": [0, 0, 1.425, 2.625], "texture": "#1"},
				"up": {"uv": [0, 0, 1.425, 1], "rotation": 90, "texture": "#1"},
				"down": {"uv": [0, 0, 1.425, 1], "rotation": 270, "texture": "#1"}
			}
		},
		{
			"from": [7.6, 17.5, 2],
			"to": [8.4, 25.5, 3],
			"rotation": {"angle": -22.5, "axis": "x", "origin": [8, 11.75, 12]},
			"faces": {
				"north": {"uv": [0, 0, 0.8, 8], "texture": "#1"},
				"east": {"uv": [0, 0, 1, 8], "texture": "#1"},
				"south": {"uv": [0, 0, 0.8, 8], "texture": "#1"},
				"west": {"uv": [0, 0, 1, 8], "texture": "#1"},
				"up": {"uv": [0, 0, 1, 0.8], "rotation": 90, "texture": "#1"},
				"down": {"uv": [0, 0, 1, 0.8], "rotation": 270, "texture": "#1"}
			}
		},
		{
			"name": "cube4",
			"from": [7.7, 15.375, -0.25],
			"to": [8.3, 18.625, 0.75],
			"rotation": {"angle": 0, "axis": "z", "origin": [8, 11.75, 12]},
			"faces": {
				"north": {"uv": [0, 0, 0.6, 3.25], "texture": "#1"},
				"east": {"uv": [0, 0, 1, 3.25], "texture": "#1"},
				"south": {"uv": [0, 0, 0.6, 3.25], "texture": "#1"},
				"west": {"uv": [0, 0, 1, 3.25], "texture": "#1"},
				"up": {"uv": [0, 0, 1, 0.6], "rotation": 90, "texture": "#1"},
				"down": {"uv": [0, 0, 1, 0.6], "rotation": 270, "texture": "#1"}
			}
		},
		{
			"from": [7.725, 12.6, -2.8],
			"to": [8.275, 13.8, -1.025],
			"rotation": {"angle": 22.5, "axis": "x", "origin": [8, 11.75, 12]},
			"faces": {
				"north": {"uv": [0, 0, 1.2, 0.55], "rotation": 270, "texture": "#1"},
				"east": {"uv": [0, 0, 1.2, 1.775], "rotation": 90, "texture": "#1"},
				"south": {"uv": [0, 0, 1.2, 0.55], "rotation": 270, "texture": "#1"},
				"west": {"uv": [0, 0, 1.2, 1.775], "rotation": 270, "texture": "#1"},
				"up": {"uv": [0, 0, 0.55, 1.775], "texture": "#1"},
				"down": {"uv": [0, 0, 0.55, 1.775], "rotation": 180, "texture": "#1"}
			}
		},
		{
			"name": "cube3",
			"from": [7.7, 20.625, -2.5],
			"to": [8.3, 23.625, -1.5],
			"rotation": {"angle": 0, "axis": "z", "origin": [8, 11.75, 12]},
			"faces": {
				"north": {"uv": [0, 0, 0.6, 3], "texture": "#1"},
				"east": {"uv": [0, 0, 1, 3], "texture": "#1"},
				"south": {"uv": [0, 0, 0.6, 3], "texture": "#1"},
				"west": {"uv": [0, 0, 1, 3], "texture": "#1"},
				"up": {"uv": [0, 0, 1, 0.6], "rotation": 90, "texture": "#1"},
				"down": {"uv": [0, 0, 1, 0.6], "rotation": 270, "texture": "#1"}
			}
		},
		{
			"name": "cube4",
			"from": [7.725, 29.7, 10.15],
			"to": [8.275, 30.4, 10.85],
			"rotation": {"angle": -45, "axis": "x", "origin": [8, 11.75, 12]},
			"faces": {
				"north": {"uv": [0, 0, 0.55, 0.7], "texture": "#1"},
				"east": {"uv": [0, 0, 0.7, 0.7], "texture": "#1"},
				"south": {"uv": [0, 0, 0.55, 0.7], "texture": "#1"},
				"west": {"uv": [0, 0, 0.7, 0.7], "texture": "#1"},
				"up": {"uv": [0, 0, 0.7, 0.55], "rotation": 90, "texture": "#1"},
				"down": {"uv": [0, 0, 0.7, 0.55], "rotation": 270, "texture": "#1"}
			}
		},
		{
			"from": [7.525, 16.75, 8],
			"to": [8.475, 17.5, 12],
			"rotation": {"angle": 22.5, "axis": "x", "origin": [8, 11.75, 4]},
			"faces": {
				"north": {"uv": [0.95, 0, 0, 0.75], "texture": "#3"},
				"east": {"uv": [4, 0, 0, 0.75], "texture": "#3"},
				"south": {"uv": [0.95, 0, 0, 0.75], "texture": "#3"},
				"west": {"uv": [4, 0, 0, 0.75], "texture": "#3"},
				"up": {"uv": [4, 0, 0, 0.95], "rotation": 90, "texture": "#3"},
				"down": {"uv": [4, 0, 0, 0.95], "rotation": 270, "texture": "#3"}
			}
		},
		{
			"from": [7.475, 9.05, 12.175],
			"to": [8.525, 10.35, 15.375],
			"rotation": {"angle": -22.5, "axis": "x", "origin": [8, 11.75, 4]},
			"faces": {
				"north": {"uv": [0, 1.05, 1.3, 0], "rotation": 270, "texture": "#1"},
				"east": {"uv": [0, 3.2, 1.3, 0], "rotation": 90, "texture": "#1"},
				"south": {"uv": [0, 1.05, 1.3, 0], "rotation": 270, "texture": "#1"},
				"west": {"uv": [0, 3.2, 1.3, 0], "rotation": 270, "texture": "#1"},
				"up": {"uv": [0, 3.2, 1.05, 0], "texture": "#1"},
				"down": {"uv": [0, 3.2, 1.05, 0], "rotation": 180, "texture": "#1"}
			}
		},
		{
			"from": [7.5, 18.275, 9.625],
			"to": [8.5, 20.9, 11.05],
			"rotation": {"angle": 45, "axis": "x", "origin": [8, 11.75, 4]},
			"faces": {
				"north": {"uv": [1, 0, 0, 2.625], "texture": "#1"},
				"east": {"uv": [1.425, 0, 0, 2.625], "texture": "#1"},
				"south": {"uv": [1, 0, 0, 2.625], "texture": "#1"},
				"west": {"uv": [1.425, 0, 0, 2.625], "texture": "#1"},
				"up": {"uv": [1.425, 0, 0, 1], "rotation": 90, "texture": "#1"},
				"down": {"uv": [1.425, 0, 0, 1], "rotation": 270, "texture": "#1"}
			}
		},
		{
			"from": [7.6, 17.5, 13],
			"to": [8.4, 25.5, 14],
			"rotation": {"angle": 22.5, "axis": "x", "origin": [8, 11.75, 4]},
			"faces": {
				"north": {"uv": [0.8, 0, 0, 8], "texture": "#1"},
				"east": {"uv": [1, 0, 0, 8], "texture": "#1"},
				"south": {"uv": [0.8, 0, 0, 8], "texture": "#1"},
				"west": {"uv": [1, 0, 0, 8], "texture": "#1"},
				"up": {"uv": [1, 0, 0, 0.8], "rotation": 90, "texture": "#1"},
				"down": {"uv": [1, 0, 0, 0.8], "rotation": 270, "texture": "#1"}
			}
		},
		{
			"name": "cube5",
			"from": [7.7, 15.375, 15.25],
			"to": [8.3, 18.625, 16.25],
			"rotation": {"angle": 0, "axis": "z", "origin": [8, 11.75, 4]},
			"faces": {
				"north": {"uv": [0.6, 0, 0, 3.25], "texture": "#1"},
				"east": {"uv": [1, 0, 0, 3.25], "texture": "#1"},
				"south": {"uv": [0.6, 0, 0, 3.25], "texture": "#1"},
				"west": {"uv": [1, 0, 0, 3.25], "texture": "#1"},
				"up": {"uv": [1, 0, 0, 0.6], "rotation": 90, "texture": "#1"},
				"down": {"uv": [1, 0, 0, 0.6], "rotation": 270, "texture": "#1"}
			}
		},
		{
			"from": [7.725, 12.6, 17.025],
			"to": [8.275, 13.8, 18.8],
			"rotation": {"angle": -22.5, "axis": "x", "origin": [8, 11.75, 4]},
			"faces": {
				"north": {"uv": [0, 0.55, 1.2, 0], "rotation": 270, "texture": "#1"},
				"east": {"uv": [0, 1.775, 1.2, 0], "rotation": 90, "texture": "#1"},
				"south": {"uv": [0, 0.55, 1.2, 0], "rotation": 270, "texture": "#1"},
				"west": {"uv": [0, 1.775, 1.2, 0], "rotation": 270, "texture": "#1"},
				"up": {"uv": [0, 1.775, 0.55, 0], "texture": "#1"},
				"down": {"uv": [0, 1.775, 0.55, 0], "rotation": 180, "texture": "#1"}
			}
		},
		{
			"name": "cube4",
			"from": [7.7, 20.625, 17.5],
			"to": [8.3, 23.625, 18.5],
			"rotation": {"angle": 0, "axis": "z", "origin": [8, 11.75, 4]},
			"faces": {
				"north": {"uv": [0.6, 0, 0, 3], "texture": "#1"},
				"east": {"uv": [1, 0, 0, 3], "texture": "#1"},
				"south": {"uv": [0.6, 0, 0, 3], "texture": "#1"},
				"west": {"uv": [1, 0, 0, 3], "texture": "#1"},
				"up": {"uv": [1, 0, 0, 0.6], "rotation": 90, "texture": "#1"},
				"down": {"uv": [1, 0, 0, 0.6], "rotation": 270, "texture": "#1"}
			}
		},
		{
			"name": "cube5",
			"from": [7.725, 29.7, 5.15],
			"to": [8.275, 30.4, 5.85],
			"rotation": {"angle": 45, "axis": "x", "origin": [8, 11.75, 4]},
			"faces": {
				"north": {"uv": [0.55, 0, 0, 0.7], "texture": "#1"},
				"east": {"uv": [0.7, 0, 0, 0.7], "texture": "#1"},
				"south": {"uv": [0.55, 0, 0, 0.7], "texture": "#1"},
				"west": {"uv": [0.7, 0, 0, 0.7], "texture": "#1"},
				"up": {"uv": [0.7, 0, 0, 0.55], "rotation": 90, "texture": "#1"},
				"down": {"uv": [0.7, 0, 0, 0.55], "rotation": 270, "texture": "#1"}
			}
		}
	],
	"gui_light": "front",
	"display": {
		"thirdperson_righthand": {
			"rotation": [-90, 0, 0],
			"translation": [0, -2, -0.75],
			"scale": [0.59, 0.59, 0.59]
		},
		"thirdperson_lefthand": {
			"rotation": [-90, 0, 0],
			"translation": [0, -2, -0.75],
			"scale": [0.59, 0.59, 0.59]
		},
		"firstperson_righthand": {
			"rotation": [-79, 14, 5],
			"translation": [0.5, 3.75, 0.75],
			"scale": [0.6, 0.6, 0.6]
		},
		"firstperson_lefthand": {
			"rotation": [-79, 14, 5],
			"translation": [0.5, 3.75, 0.75],
			"scale": [0.6, 0.6, 0.6]
		},
		"gui": {
			"rotation": [0, 0, -45],
			"translation": [-2.25, -2.25, 0],
			"scale": [0.68, 0.68, 0.68]
		},
		"head": {
			"translation": [0, -8.75, 0],
			"scale": [1.32, 1.32, 1.32]
		}
	},
	"groups": [0, 1, 2, 3, 4, 5, 6,
		{
			"name": "hook",
			"origin": [8, 8, 8],
			"children": [7, 8, 9, 10, 11,
				{
					"name": "Claw",
					"origin": [8, 8, 8],
					"children": [12, 13, 14, 15, 16, 17, 18, 19]
				},
				{
					"name": "Claw",
					"origin": [8, 8, 8],
					"children": [20, 21, 22, 23, 24, 25, 26, 27]
				},
				{
					"name": "Claw",
					"origin": [8, 8, 8],
					"children": [28, 29, 30, 31, 32, 33, 34, 35]
				},
				{
					"name": "Claw",
					"origin": [8, 8, 8],
					"children": [36, 37, 38, 39, 40, 41, 42, 43]
				}
			]
		}
	]
}