{
	"credit": "Made with Blockbench",
	"textures": {
		"2": "zelda/clawshot/dark_blue",
		"4": "zelda/clawshot/light_blue",
		"5": "zelda/clawshot/color_pallet",
		"6": "zelda/clawshot/black"
	},
	"elements": [
		{
			"from": [4, 0, 4],
			"to": [12, 5, 12],
			"faces": {
				"north": {"uv": [0, 4, 8, 8.998], "texture": "#5"},
				"east": {"uv": [0, 4, 8, 8.999], "texture": "#5"},
				"south": {"uv": [0, 4, 8, 8.999], "texture": "#5"},
				"west": {"uv": [0, 4, 8, 8.999], "texture": "#5"},
				"up": {"uv": [0, 0, 16, 16], "texture": "#2"},
				"down": {"uv": [0, 0, 16, 16], "texture": "#2"}
			}
		},
		{
			"from": [5, 7, 5],
			"to": [11, 9, 11],
			"faces": {
				"north": {"uv": [4, 0, 10, 2], "texture": "#4"},
				"east": {"uv": [8, 0, 14, 2], "texture": "#4"},
				"south": {"uv": [9.999, 0, 15.999, 2], "texture": "#4"},
				"west": {"uv": [0, 0, 6, 2], "texture": "#4"},
				"up": {"uv": [0, 0, 6, 6], "texture": "#missing"},
				"down": {"uv": [0, 0, 6, 6], "texture": "#missing"}
			}
		},
		{
			"from": [4.5, 9, 4.5],
			"to": [11.5, 10, 11.5],
			"faces": {
				"north": {"uv": [0, 0, 7, 1], "texture": "#6"},
				"east": {"uv": [0, 0, 7, 1], "texture": "#6"},
				"south": {"uv": [0, 0, 7, 1], "texture": "#6"},
				"west": {"uv": [0, 0, 7, 1], "texture": "#6"},
				"up": {"uv": [0, 0, 7, 7], "texture": "#6"},
				"down": {"uv": [0, 0, 7, 7], "texture": "#6"}
			}
		},
		{
			"from": [5, 10, 5],
			"to": [11, 11, 11],
			"faces": {
				"north": {"uv": [0, 0, 6, 1], "texture": "#4"},
				"east": {"uv": [0, 0, 6, 1], "texture": "#4"},
				"south": {"uv": [0, 0, 6, 1], "texture": "#4"},
				"west": {"uv": [0, 0, 6, 1], "texture": "#4"},
				"up": {"uv": [0, 0, 6, 6], "texture": "#4"},
				"down": {"uv": [0, 0, 6, 6], "texture": "#4"}
			}
		},
		{
			"from": [5.25, 11, 5.25],
			"to": [10.75, 12, 10.75],
			"faces": {
				"north": {"uv": [0, 0, 5.5, 1], "texture": "#4"},
				"east": {"uv": [0, 0, 5.5, 1], "texture": "#4"},
				"south": {"uv": [0, 0, 5.5, 1], "texture": "#4"},
				"west": {"uv": [0, 0, 5.5, 1], "texture": "#4"},
				"up": {"uv": [0, 0, 5.5, 5.5], "texture": "#4"},
				"down": {"uv": [0, 0, 5.5, 5.5], "texture": "#4"}
			}
		},
		{
			"from": [5.5, 12, 5.5],
			"to": [10.5, 13, 10.5],
			"faces": {
				"north": {"uv": [0, 0, 5, 1], "texture": "#4"},
				"east": {"uv": [0, 0, 5, 1], "texture": "#4"},
				"south": {"uv": [0, 0, 5, 1], "texture": "#4"},
				"west": {"uv": [0, 0, 5, 1], "texture": "#4"},
				"up": {"uv": [0, 0, 5, 5], "texture": "#4"},
				"down": {"uv": [0, 0, 5, 5], "texture": "#4"}
			}
		},
		{
			"from": [4.5, 5, 4.5],
			"to": [11.5, 7, 11.5],
			"faces": {
				"north": {"uv": [0, 0, 7, 2], "texture": "#2"},
				"east": {"uv": [0, 0, 7, 2], "texture": "#2"},
				"south": {"uv": [0, 0, 7, 2], "texture": "#2"},
				"west": {"uv": [0, 0, 7, 2], "texture": "#2"},
				"up": {"uv": [0, 0, 7, 7], "texture": "#2"},
				"down": {"uv": [0, 0, 7, 7], "texture": "#2"}
			}
		},
		{
			"from": [6.5, 12.05, 6.5],
			"to": [9.5, 13.05, 9.5],
			"faces": {
				"north": {"uv": [0, 0, 3, 1], "texture": "#6"},
				"east": {"uv": [0, 0, 3, 1], "texture": "#6"},
				"south": {"uv": [0, 0, 3, 1], "texture": "#6"},
				"west": {"uv": [0, 0, 3, 1], "texture": "#6"},
				"up": {"uv": [0, 0, 3, 3], "texture": "#6"},
				"down": {"uv": [0, 0, 3, 3], "texture": "#6"}
			}
		}
	],
	"gui_light": "front",
	"display": {
		"thirdperson_righthand": {
			"rotation": [-90, 0, 0],
			"translation": [0, -2, -0.75],
			"scale": [0.59, 0.59, 0.59]
		},
		"thirdperson_lefthand": {
			"rotation": [-90, 0, 0],
			"translation": [0, -2, -0.75],
			"scale": [0.59, 0.59, 0.59]
		},
		"firstperson_righthand": {
			"rotation": [-79, 14, 5],
			"translation": [0.5, 3.75, 0.75],
			"scale": [0.6, 0.6, 0.6]
		},
		"firstperson_lefthand": {
			"rotation": [-79, 14, 5],
			"translation": [0.5, 3.75, 0.75],
			"scale": [0.6, 0.6, 0.6]
		},
		"gui": {
			"rotation": [9, 0, -45],
			"translation": [-2.25, -2.25, 0],
			"scale": [0.68, 0.68, 0.68]
		},
		"head": {
			"rotation": [90, 0, 0],
			"scale": [1.32, 1.32, 1.32]
		}
	}
}