{
  "item.wrench": {
    "sounds": [
      {
        "name": "gatkong:item/wrench1",
        "stream": true,
        "volume": 0.5
      },
      {
        "name": "gatkong:item/wrench1",
        "stream": true,
        "volume": 0.5,
        "pitch": 1.10
      },
      {
        "name": "gatkong:item/wrench1",
        "stream": true,
        "volume": 0.5,
        "pitch": 0.90
      }
    ]
  },
  "hurt": {
    "sounds": [
      {
        "name": "gatkong:advancement/hurt",
        "stream": true,
        "volume": 1
      }
    ]
  },
  "mine": {
    "sounds": [
      {
        "name": "gatkong:advancement/mine",
        "stream": true,
        "volume": 1
      }
    ]
  },
  "alive": {
    "sounds": [
      {
        "name": "gatkong:advancement/alive",
        "stream": true,
        "volume": 1
      }
    ]
  },
  "sleep": {
    "sounds": [
      {
        "name": "gatkong:advancement/wake_up",
        "stream": true,
        "volume": 1
      }
    ]
  },
  "death": {
    "sounds": [
      {
        "name": "gatkong:advancement/hmnerror",
        "stream": true,
        "volume": 1
      },
      {
        "name": "gatkong:advancement/missed_it",
        "stream": true,
        "volume": 1
      },
      {
        "name": "gatkong:advancement/you_lose",
        "stream": true,
        "volume": 1
      }
    ]
  },
  "hey": {
    "sounds": [
      {
        "name": "gatkong:item/hay",
        "stream": true,
        "volume": 1
      },
      {
        "name": "gatkong:item/hay",
        "stream": true,
        "volume": 1
      },
      {
        "name": "gatkong:item/hay",
        "stream": true,
        "volume": 1
      },
      {
        "name": "gatkong:item/hay",
        "stream": true,
        "volume": 1
      },
      {
        "name": "gatkong:item/hay",
        "stream": true,
        "volume": 1
      },
      {
        "name": "gatkong:item/hay",
        "stream": true,
        "volume": 1
      },
      {
        "name": "gatkong:item/hey1",
        "stream": true,
        "volume": 1
      },
      {
        "name": "gatkong:item/hey2",
        "stream": true,
        "volume": 1
      },
      {
        "name": "gatkong:item/hey3",
        "stream": true,
        "volume": 1
      }
    ]
  },
  "axe": {
    "sounds": [
      {
        "name": "gatkong:item/axe",
        "stream": true,
        "volume": 1
      }
    ]
  },
  "lava": {
    "sounds": [
      {
        "name": "gatkong:item/lava1",
        "stream": true,
        "volume": 1
      },
      {
        "name": "gatkong:item/lava1",
        "stream": true,
        "volume": 1
      },
      {
        "name": "gatkong:item/lava1",
        "stream": true,
        "volume": 1
      },
      {
        "name": "gatkong:item/lava1",
        "stream": true,
        "volume": 1
      },
      {
        "name": "gatkong:item/lava1",
        "stream": true,
        "volume": 1
      },
      {
        "name": "gatkong:item/lava1",
        "stream": true,
        "volume": 1
      },
      {
        "name": "gatkong:item/lava1",
        "stream": true,
        "volume": 1
      },
      {
        "name": "gatkong:item/lava1",
        "stream": true,
        "volume": 1
      },
      {
        "name": "gatkong:item/lava1",
        "stream": true,
        "volume": 1
      },
      {
        "name": "gatkong:item/lava2",
        "stream": true,
        "volume": 1
      }
    ]
  },
  "66": {
    "sounds": [
      {
        "name": "gatkong:advancement/66",
        "stream": true,
        "volume": 1
      }
    ]
  },
  "emperial": {
    "sounds": [
      {
        "name": "gatkong:advancement/emperial",
        "stream": true,
        "volume": 1
      }
    ]
  },
  "apples": {
    "sounds": [
      {
        "name": "gatkong:advancement/apples1",
        "stream": true,
        "volume": 1
      },
      {
        "name": "gatkong:advancement/apples2",
        "stream": true,
        "volume": 1
      }
    ]
  },
  "cookie": {
    "sounds": [
      {
        "name": "gatkong:item/cookie",
        "stream": true,
        "volume": 1
      }
    ]
  }
}