{
	"credit": "Made by GatKong",
	"parent": "item/generated",
    "textures": {
		"layer0": "gatkong:item/ruby_rod"
    },
    "display":	{
		"gui":	{
			"rotation": [ 0, 0, -45 ],
			"translation": [ 2, 0, 0 ],
			"scale": [ 1.1, 1.1, 1.1 ]
			},
        "ground":	{
			"rotation": [ 0, 0, -45 ],
			"translation": [ 0, 3, 0 ],
			"scale": [ 0.75, 0.75, 0.75 ]
			},
		"fixed":	{
			"rotation": [ 0, 180, -45 ],
			"translation": [ -1, 0, 0 ],
			"scale": [ 1.1, 1.1, 1.1 ]
			},
        "thirdperson_righthand":	{
			"rotation":	[10, 90, 0],
			"translation":	[ 0, 6, 0 ],
			"scale":		[ 1, 1, 1 ]
			},
		"thirdperson_lefthand":	{
			"rotation":	[10, -90, 0],
			"translation":	[ 0, 6, 1 ],
			"scale":		[ 1, 1, 1 ]
			},
		"firstperson_righthand":	{
			"rotation":	[ 0, 90, -45 ],
			"translation":	[ 1, 2, 0 ],
			"scale":		[ 1, 1, 1 ]
			},
		"firstperson_lefthand":	{
			"rotation":	[ 0, -90, 45 ],
			"translation":	[ 1, 2, 0 ],
			"scale":		[ 1, 1, 1 ]
			}
    }
}

