{
    "parent": "item/generated",
    "textures": {
        "layer0": "gatkong:item/sextant"
    },
    "display":	{
        "firstperson_righthand":	{
			"rotation":	[0, 90, 0],
			"translation":	[ 0, 4, 0 ],
			"scale":		[ 0.66, 0.66, 0.66 ]
			},
		"firstperson_lefthand":	{
			"rotation":	[0, -90, 0],
			"translation":	[ 0, 4, 0 ],
			"scale":		[ 0.66, 0.66, 0.66 ]
			},
        "thirdperson_righthand":	{
			"rotation":	[0, 90, 0],
			"translation":	[ 0, 4, 0 ],
			"scale":		[ 0.66, 0.66, 0.66 ]
			},
		"thirdperson_lefthand":	{
			"rotation":	[0, -90, 0],
			"translation":	[ 0, 4, 0 ],
			"scale":		[ 0.66, 0.66, 0.66 ]
			}
    }
}
