{
	"credit": "Made by GatKong",
	"textures": {
		"0": "gatkong:item/wither_bell_bottom",
		"1": "gatkong:item/wither_bell_side",
		"2": "gatkong:item/wither_bell_top",
		"5": "gatkong:item/wither_bell_face",
		"7": "entity/skeleton/wither_skeleton",
		"8": "entity/skeleton/wither_skeleton",
		"particle": "gatkong:item/wither_bell_face"
	},
	"elements": [
		{
			"from": [0, 0, 7],
			"to": [2, 16, 9],
			"faces": {
				"north": {"uv": [0.5, 7, 1, 15], "texture": "#7"},
				"east": {"uv": [0.5, 7, 1, 15], "texture": "#7"},
				"south": {"uv": [0.5, 7, 1, 15], "texture": "#7"},
				"west": {"uv": [0.5, 7, 1, 15], "texture": "#7"},
				"up": {"uv": [0, 11.25, 0.5, 11.75], "rotation": 180, "texture": "#7"},
				"down": {"uv": [0, 11.25, 0.5, 11.75], "texture": "#7"}
			}
		},
		{
			"from": [14.5, 5, 7],
			"to": [15.5, 11, 9],
			"faces": {
				"north": {"uv": [0.5, 7, 0.75, 10.5], "texture": "#7"},
				"east": {"uv": [0.5, 7, 1, 10], "texture": "#7"},
				"south": {"uv": [0.5, 7, 0.75, 10], "texture": "#7"},
				"west": {"uv": [0.5, 7, 1, 10], "texture": "#7"},
				"up": {"uv": [0, 11.25, 0.25, 11.75], "rotation": 180, "texture": "#7"},
				"down": {"uv": [0, 11.25, 0.25, 11.75], "texture": "#7"}
			}
		},
		{
			"from": [14.5, 6, 6],
			"to": [15.5, 12, 7],
			"faces": {
				"north": {"uv": [0.5, 7, 0.75, 10.5], "texture": "#7"},
				"east": {"uv": [0.5, 7, 0.75, 10.5], "texture": "#7"},
				"south": {"uv": [0.5, 7, 0.75, 10.5], "texture": "#7"},
				"west": {"uv": [0.5, 7, 0.75, 10.5], "texture": "#7"},
				"up": {"uv": [0.5, 7, 0.75, 7.25], "rotation": 180, "texture": "#7"},
				"down": {"uv": [0.5, 7, 0.75, 7.25], "rotation": 180, "texture": "#7"}
			}
		},
		{
			"from": [14.5, 6, 9],
			"to": [15.5, 12, 10],
			"faces": {
				"north": {"uv": [0.5, 7, 0.75, 10.5], "texture": "#7"},
				"east": {"uv": [0.5, 7, 0.75, 10.5], "texture": "#7"},
				"south": {"uv": [0.5, 7, 0.75, 10.5], "texture": "#7"},
				"west": {"uv": [0.5, 7, 0.75, 10.5], "texture": "#7"},
				"up": {"uv": [0.5, 7, 0.75, 7.25], "rotation": 180, "texture": "#7"},
				"down": {"uv": [0.5, 7, 0.75, 7.25], "rotation": 180, "texture": "#7"}
			}
		},
		{
			"from": [14.5, 7, 5],
			"to": [15.5, 13, 6],
			"faces": {
				"north": {"uv": [0.5, 7, 0.75, 10.5], "texture": "#7"},
				"east": {"uv": [0.5, 7, 0.75, 10.5], "texture": "#7"},
				"south": {"uv": [0.5, 7, 0.75, 10.5], "texture": "#7"},
				"west": {"uv": [0.5, 7, 0.75, 10.5], "texture": "#7"},
				"up": {"uv": [0.5, 7, 0.75, 7.25], "rotation": 180, "texture": "#7"},
				"down": {"uv": [0.5, 7, 0.75, 7.25], "rotation": 180, "texture": "#7"}
			}
		},
		{
			"from": [14.5, 7, 10],
			"to": [15.5, 13, 11],
			"faces": {
				"north": {"uv": [0.5, 7, 0.75, 10.5], "texture": "#7"},
				"east": {"uv": [0.5, 7, 0.75, 10.5], "texture": "#7"},
				"south": {"uv": [0.5, 7, 0.75, 10.5], "texture": "#7"},
				"west": {"uv": [0.5, 7, 0.75, 10.5], "texture": "#7"},
				"up": {"uv": [0.5, 7, 0.75, 7.25], "rotation": 180, "texture": "#7"},
				"down": {"uv": [0.5, 7, 0.75, 7.25], "rotation": 180, "texture": "#7"}
			}
		},
		{
			"from": [2, 13, 7],
			"to": [14, 15, 9],
			"faces": {
				"north": {"uv": [8.75, 10, 9.25, 16], "rotation": 90, "texture": "#8"},
				"east": {"uv": [6.25, 6.75, 6.75, 7.25], "texture": "#8"},
				"south": {"uv": [8.75, 10, 9.25, 16], "rotation": 90, "texture": "#8"},
				"up": {"uv": [8.75, 10, 9.25, 16], "rotation": 270, "texture": "#8"},
				"down": {"uv": [8.75, 10, 9.25, 16], "rotation": 270, "texture": "#8"}
			}
		},
		{
			"from": [5, 6, 5],
			"to": [11, 13, 11],
			"faces": {
				"north": {"uv": [1, 0, 7, 7], "texture": "#1"},
				"east": {"uv": [1, 0, 7, 7], "texture": "#5"},
				"south": {"uv": [1, 0, 7, 7], "texture": "#1"},
				"west": {"uv": [1, 0, 7, 7], "texture": "#1"},
				"up": {"uv": [1, 1, 7, 7], "rotation": 270, "texture": "#2"}
			}
		},
		{
			"from": [4, 4, 4],
			"to": [12, 6, 12],
			"faces": {
				"north": {"uv": [0, 7, 8, 9], "texture": "#1"},
				"east": {"uv": [0, 7, 8, 9], "texture": "#1"},
				"south": {"uv": [0, 7, 8, 9], "texture": "#1"},
				"west": {"uv": [0, 7, 8, 9], "texture": "#1"},
				"up": {"uv": [0, 0, 8, 8], "rotation": 180, "texture": "#2"},
				"down": {"uv": [0, 0, 8, 8], "rotation": 180, "texture": "#0"}
			}
		},
		{
			"from": [0.5, 13, 1],
			"to": [1.5, 14, 15],
			"faces": {
				"north": {"uv": [4, 11, 4.5, 11.5], "texture": "#7"},
				"east": {"uv": [4, 11, 7.499, 11.5], "texture": "#7"},
				"south": {"uv": [4, 11, 4.5, 11.5], "texture": "#7"},
				"west": {"uv": [4, 11, 7.499, 11.5], "texture": "#7"},
				"up": {"uv": [4, 11, 7.499, 11.5], "rotation": 90, "texture": "#7"},
				"down": {"uv": [4, 11, 7.499, 11.5], "rotation": 270, "texture": "#7"}
			}
		},
		{
			"from": [14.5, 13, 11],
			"to": [15.5, 14, 15],
			"faces": {
				"north": {"uv": [4, 11, 4.25, 11.5], "texture": "#7"},
				"east": {"uv": [4, 11, 5, 11.5], "texture": "#7"},
				"south": {"uv": [4, 11, 4.25, 11.5], "texture": "#7"},
				"west": {"uv": [4, 11, 5, 11.5], "texture": "#7"},
				"up": {"uv": [4, 11, 5, 11.5], "rotation": 180, "texture": "#7"},
				"down": {"uv": [4, 11, 5, 11.5], "rotation": 180, "texture": "#7"}
			}
		},
		{
			"from": [14.5, 13, 1],
			"to": [15.5, 14, 5],
			"faces": {
				"north": {"uv": [4, 11, 4.25, 11.5], "texture": "#7"},
				"east": {"uv": [4, 11, 5, 11.5], "texture": "#7"},
				"south": {"uv": [4, 11, 4.25, 11.5], "texture": "#7"},
				"west": {"uv": [4, 11, 5, 11.5], "texture": "#7"},
				"up": {"uv": [4, 11, 5, 11.5], "rotation": 180, "texture": "#7"},
				"down": {"uv": [4, 11, 5, 11.5], "rotation": 180, "texture": "#7"}
			}
		},
		{
			"from": [14.5, 11, 1],
			"to": [15.5, 12, 5],
			"faces": {
				"north": {"uv": [4, 11, 4.25, 11.5], "texture": "#7"},
				"east": {"uv": [4, 11, 5, 11.5], "texture": "#7"},
				"south": {"uv": [4, 11, 4.25, 11.5], "texture": "#7"},
				"west": {"uv": [4, 11, 5, 11.5], "texture": "#7"},
				"up": {"uv": [4, 11, 5, 11.5], "rotation": 180, "texture": "#7"},
				"down": {"uv": [4, 11, 5, 11.5], "rotation": 180, "texture": "#7"}
			}
		},
		{
			"from": [14.5, 9, 1],
			"to": [15.5, 10, 5],
			"faces": {
				"north": {"uv": [4, 11, 4.25, 11.5], "texture": "#7"},
				"east": {"uv": [4, 11, 5, 11.5], "texture": "#7"},
				"south": {"uv": [4, 11, 4.25, 11.5], "texture": "#7"},
				"west": {"uv": [4, 11, 5, 11.5], "texture": "#7"},
				"up": {"uv": [4, 11, 5, 11.5], "rotation": 180, "texture": "#7"},
				"down": {"uv": [4, 11, 5, 11.5], "rotation": 180, "texture": "#7"}
			}
		},
		{
			"from": [14.5, 11, 11],
			"to": [15.5, 12, 15],
			"faces": {
				"north": {"uv": [4, 11, 4.25, 11.5], "texture": "#7"},
				"east": {"uv": [4, 11, 5, 11.5], "texture": "#7"},
				"south": {"uv": [4, 11, 4.25, 11.5], "texture": "#7"},
				"west": {"uv": [4, 11, 5, 11.5], "texture": "#7"},
				"up": {"uv": [4, 11, 5, 11.5], "rotation": 180, "texture": "#7"},
				"down": {"uv": [4, 11, 5, 11.5], "rotation": 180, "texture": "#7"}
			}
		},
		{
			"from": [14.5, 9, 11],
			"to": [15.5, 10, 15],
			"faces": {
				"north": {"uv": [4, 11, 4.25, 11.5], "texture": "#7"},
				"east": {"uv": [4, 11, 5, 11.5], "texture": "#7"},
				"south": {"uv": [4, 11, 4.25, 11.5], "texture": "#7"},
				"west": {"uv": [4, 11, 5, 11.5], "texture": "#7"},
				"up": {"uv": [4, 11, 5, 11.5], "rotation": 180, "texture": "#7"},
				"down": {"uv": [4, 11, 5, 11.5], "rotation": 180, "texture": "#7"}
			}
		},
		{
			"from": [0.5, 11, 1],
			"to": [1.5, 12, 15],
			"faces": {
				"north": {"uv": [4, 11, 4.5, 11.5], "texture": "#7"},
				"east": {"uv": [4, 11, 7.499, 11.5], "texture": "#7"},
				"south": {"uv": [4, 11, 4.5, 11.5], "texture": "#7"},
				"west": {"uv": [4, 11, 7.499, 11.5], "texture": "#7"},
				"up": {"uv": [4, 11, 7.499, 11.5], "rotation": 90, "texture": "#7"},
				"down": {"uv": [4, 11, 7.499, 11.5], "rotation": 270, "texture": "#7"}
			}
		},
		{
			"from": [0.5, 9, 1],
			"to": [1.5, 10, 15],
			"faces": {
				"north": {"uv": [4, 11, 4.5, 11.5], "texture": "#7"},
				"east": {"uv": [4, 11, 7.499, 11.5], "texture": "#7"},
				"south": {"uv": [4, 11, 4.5, 11.5], "texture": "#7"},
				"west": {"uv": [4, 11, 7.499, 11.5], "texture": "#7"},
				"up": {"uv": [4, 11, 7.499, 11.5], "rotation": 90, "texture": "#7"},
				"down": {"uv": [4, 11, 7.499, 11.5], "rotation": 270, "texture": "#7"}
			}
		},
		{
			"from": [0.5, 7, 1],
			"to": [1.5, 8, 15],
			"faces": {
				"north": {"uv": [4, 11, 4.5, 11.5], "texture": "#7"},
				"east": {"uv": [4, 11, 7.499, 11.5], "texture": "#7"},
				"south": {"uv": [4, 11, 4.5, 11.5], "texture": "#7"},
				"west": {"uv": [4, 11, 7.499, 11.5], "texture": "#7"},
				"up": {"uv": [4, 11, 7.499, 11.5], "rotation": 90, "texture": "#7"},
				"down": {"uv": [4, 11, 7.499, 11.5], "rotation": 270, "texture": "#7"}
			}
		},
		{
			"from": [1.5, 13, 1],
			"to": [14.5, 14, 2],
			"faces": {
				"north": {"uv": [6.75, 11, 10, 11.5], "rotation": 180, "texture": "#7"},
				"south": {"uv": [6.75, 11, 10, 11.5], "rotation": 180, "texture": "#7"},
				"up": {"uv": [6.75, 11, 10, 11.5], "rotation": 180, "texture": "#7"},
				"down": {"uv": [6.75, 11, 10, 11.5], "rotation": 180, "texture": "#7"}
			}
		},
		{
			"from": [1.5, 13, 14],
			"to": [14.5, 14, 15],
			"faces": {
				"north": {"uv": [6.75, 11, 10, 11.5], "rotation": 180, "texture": "#7"},
				"south": {"uv": [6.75, 11, 10, 11.5], "rotation": 180, "texture": "#7"},
				"up": {"uv": [6.75, 11, 10, 11.5], "rotation": 180, "texture": "#7"},
				"down": {"uv": [6.75, 11, 10, 11.5], "rotation": 180, "texture": "#7"}
			}
		},
		{
			"from": [1.5, 11, 1],
			"to": [14.5, 12, 2],
			"faces": {
				"north": {"uv": [6.75, 11, 10, 11.5], "rotation": 180, "texture": "#7"},
				"south": {"uv": [6.75, 11, 10, 11.5], "rotation": 180, "texture": "#7"},
				"up": {"uv": [6.75, 11, 10, 11.5], "rotation": 180, "texture": "#7"},
				"down": {"uv": [6.75, 11, 10, 11.5], "rotation": 180, "texture": "#7"}
			}
		},
		{
			"from": [1.5, 11, 14],
			"to": [14.5, 12, 15],
			"faces": {
				"north": {"uv": [6.75, 11, 10, 11.5], "rotation": 180, "texture": "#7"},
				"south": {"uv": [6.75, 11, 10, 11.5], "rotation": 180, "texture": "#7"},
				"up": {"uv": [6.75, 11, 10, 11.5], "rotation": 180, "texture": "#7"},
				"down": {"uv": [6.75, 11, 10, 11.5], "rotation": 180, "texture": "#7"}
			}
		},
		{
			"from": [1.5, 9, 1],
			"to": [14.5, 10, 2],
			"faces": {
				"north": {"uv": [6.75, 11, 10, 11.5], "rotation": 180, "texture": "#7"},
				"south": {"uv": [6.75, 11, 10, 11.5], "rotation": 180, "texture": "#7"},
				"up": {"uv": [6.75, 11, 10, 11.5], "rotation": 180, "texture": "#7"},
				"down": {"uv": [6.75, 11, 10, 11.5], "rotation": 180, "texture": "#7"}
			}
		},
		{
			"from": [1.5, 9, 14],
			"to": [14.5, 10, 15],
			"faces": {
				"north": {"uv": [6.75, 11, 10, 11.5], "rotation": 180, "texture": "#7"},
				"south": {"uv": [6.75, 11, 10, 11.5], "rotation": 180, "texture": "#7"},
				"up": {"uv": [6.75, 11, 10, 11.5], "rotation": 180, "texture": "#7"},
				"down": {"uv": [6.75, 11, 10, 11.5], "rotation": 180, "texture": "#7"}
			}
		},
		{
			"from": [1.5, 7, 14],
			"to": [8.5, 8, 15],
			"faces": {
				"north": {"uv": [7.75, 11, 9.25, 11.5], "texture": "#7"},
				"east": {"uv": [5, 11, 5.5, 11.5], "rotation": 180, "texture": "#7"},
				"south": {"uv": [7.75, 11, 9.25, 11.5], "texture": "#7"},
				"up": {"uv": [7.75, 11, 9.25, 11.5], "rotation": 180, "texture": "#7"},
				"down": {"uv": [7.75, 11, 9.25, 11.5], "rotation": 180, "texture": "#7"}
			}
		},
		{
			"from": [1.5, 7, 1],
			"to": [8.5, 8, 2],
			"faces": {
				"north": {"uv": [7.75, 11, 9.25, 11.5], "texture": "#7"},
				"east": {"uv": [5, 11, 5.5, 11.5], "rotation": 180, "texture": "#7"},
				"south": {"uv": [7.75, 11, 9.25, 11.5], "texture": "#7"},
				"up": {"uv": [7.75, 11, 9.25, 11.5], "rotation": 180, "texture": "#7"},
				"down": {"uv": [7.75, 11, 9.25, 11.5], "rotation": 180, "texture": "#7"}
			}
		}
	],
	"display": {
		"thirdperson_righthand": {
			"rotation": [67.5, 90, 0],
			"translation": [0, -5, -4],
			"scale": [0.63, 0.63, 0.63]
		},
		"thirdperson_lefthand": {
			"rotation": [67.5, 90, 0],
			"translation": [0, -5, -4],
			"scale": [0.63, 0.63, 0.63]
		},
		"firstperson_righthand": {
			"rotation": [0, 115, 0],
			"scale": [0.63, 0.63, 0.63]
		},
		"firstperson_lefthand": {
			"rotation": [0, 115, 0],
			"scale": [0.63, 0.63, 0.63]
		},
		"fixed":	{
			"rotation": [ 0, 0, 0 ],
			"translation": [ 0, 0, -0.5 ],
			"scale": [ 1, 1, 1 ]
			},
		"ground": {
			"translation": [0, 3, 0],
			"scale": [0.63, 0.63, 0.63]
		},
		"gui": {
			"rotation": [22.5, -45, 0],
			"scale": [0.8, 0.8, 0.8]
		}
	}
}