{
	"credit": "Made with Blockbench",
	"textures": {
		"0": "crafter/crafting_table_top",
		"1": "crafter/crafting_table_front_out",
		"2": "crafter/crafting_table_front",
		"3": "crafter/crafting_table_side_out",
		"4": "crafter/crafting_table_side",
		"5": "crafter/crafting_table_top_inner",
		"6": "crafter/stripped_oak_log",
		"particle": "crafter/crafting_table_top"
	},
	"elements": [
		{
			"from": [0, 0, 0],
			"to": [16, 16, 16],
			"faces": {
				"north": {"uv": [0, 0, 16, 16], "texture": "#2"},
				"east": {"uv": [0, 0, 16, 16], "texture": "#4"},
				"south": {"uv": [0, 0, 16, 16], "texture": "#2"},
				"west": {"uv": [0, 0, 16, 16], "texture": "#4"},
				"up": {"uv": [0, 0, 16, 16], "texture": "#0"},
				"down": {"uv": [0, 0, 16, 16], "texture": "#6"}
			}
		},
		{
			"name": "north",
			"from": [4, 15, 3],
			"to": [12, 16, 4],
			"rotation": {"angle": 0, "axis": "y", "origin": [8, 15.5, 3.5]},
			"faces": {
				"north": {"uv": [4, 3, 12, 4], "texture": "#0"},
				"east": {"uv": [11, 3, 12, 4], "texture": "#0"},
				"south": {"uv": [4, 3, 12, 4], "texture": "#0"},
				"west": {"uv": [4, 3, 5, 4], "texture": "#0"}
			}
		},
		{
			"name": "south",
			"from": [4, 15, 12],
			"to": [12, 16, 13],
			"rotation": {"angle": 0, "axis": "y", "origin": [12, 23, 20]},
			"faces": {
				"north": {"uv": [4, 12, 12, 13], "texture": "#0"},
				"east": {"uv": [11, 12, 12, 13], "texture": "#0"},
				"south": {"uv": [4, 12, 12, 13], "texture": "#0"},
				"west": {"uv": [4, 12, 5, 13], "texture": "#0"}
			}
		},
		{
			"name": "west",
			"from": [3, 15, 4],
			"to": [4, 16, 12],
			"rotation": {"angle": 0, "axis": "y", "origin": [10.9, 23, 11.9]},
			"faces": {
				"north": {"uv": [3, 4, 4, 5], "texture": "#0"},
				"east": {"uv": [4, 12, 12, 13], "texture": "#0"},
				"south": {"uv": [3, 11, 4, 12], "texture": "#0"},
				"west": {"uv": [4, 3, 12, 4], "texture": "#0"}
			}
		},
		{
			"name": "east",
			"from": [12, 15, 4],
			"to": [13, 16, 12],
			"rotation": {"angle": 0, "axis": "y", "origin": [20.1, 23, 11.9]},
			"faces": {
				"north": {"uv": [4, 3, 5, 4], "texture": "#0"},
				"east": {"uv": [4, 12, 12, 13], "texture": "#0"},
				"south": {"uv": [4, 12, 5, 13], "texture": "#0"},
				"west": {"uv": [4, 3, 12, 4], "texture": "#0"}
			}
		},
		{
			"name": "north2",
			"from": [4, 15, 6],
			"to": [12, 16, 7],
			"rotation": {"angle": 0, "axis": "y", "origin": [12, 23, 13.9]},
			"faces": {
				"north": {"uv": [4, 6, 12, 7], "texture": "#0"},
				"east": {"uv": [4, 12, 5, 13], "texture": "#0"},
				"south": {"uv": [4, 6, 12, 7], "texture": "#0"},
				"west": {"uv": [4, 6, 5, 7], "texture": "#0"}
			}
		},
		{
			"name": "south2",
			"from": [4, 15, 9],
			"to": [12, 16, 10],
			"rotation": {"angle": 0, "axis": "y", "origin": [12, 23, 16.9]},
			"faces": {
				"north": {"uv": [4, 9, 12, 10], "texture": "#0"},
				"east": {"uv": [11, 9, 12, 10], "texture": "#0"},
				"south": {"uv": [4, 9, 12, 10], "texture": "#0"},
				"west": {"uv": [4, 9, 5, 10], "texture": "#0"}
			}
		},
		{
			"name": "west2",
			"from": [6, 15, 4],
			"to": [7, 16, 12],
			"rotation": {"angle": 0, "axis": "y", "origin": [14, 23, 11.9]},
			"faces": {
				"north": {"uv": [4, 3, 5, 4], "texture": "#0"},
				"east": {"uv": [4, 12, 12, 13], "texture": "#0"},
				"south": {"uv": [4, 12, 5, 13], "texture": "#0"},
				"west": {"uv": [4, 3, 12, 4], "texture": "#0"}
			}
		},
		{
			"name": "east2",
			"from": [9, 15, 4],
			"to": [10, 16, 12],
			"rotation": {"angle": 0, "axis": "y", "origin": [17, 23, 11.9]},
			"faces": {
				"north": {"uv": [4, 3, 5, 4], "texture": "#0"},
				"east": {"uv": [4, 12, 12, 13], "texture": "#0"},
				"south": {"uv": [4, 12, 5, 13], "texture": "#0"},
				"west": {"uv": [4, 3, 12, 4], "texture": "#0"}
			}
		},
		{
			"name": "top",
			"from": [4, 14, 4],
			"to": [12, 15, 12],
			"rotation": {"angle": 0, "axis": "y", "origin": [8, 22, 8]},
			"faces": {
				"north": {"uv": [0, 0, 16, 1], "texture": "#5"},
				"east": {"uv": [0, 0, 16, 1], "texture": "#5"},
				"south": {"uv": [0, 0, 16, 1], "texture": "#5"},
				"west": {"uv": [0, 0, 16, 1], "texture": "#5"},
				"up": {"uv": [4, 4, 11.999, 11.999], "texture": "#5"}
			}
		},
		{
			"name": "left",
			"from": [3.1, 5.9, 16],
			"to": [3.9, 11, 16.6],
			"rotation": {"angle": 0, "axis": "y", "origin": [11, 18, 24]},
			"faces": {
				"north": {"uv": [1, 0, 2, 4], "texture": "#1"},
				"east": {"uv": [1, 0, 2, 4], "texture": "#1"},
				"south": {"uv": [1, 0, 2, 4], "texture": "#1"},
				"west": {"uv": [1, 0, 2, 4], "texture": "#1"},
				"up": {"uv": [1, 0, 2, 1], "texture": "#1"},
				"down": {"uv": [1, 3, 2, 4], "texture": "#1"}
			}
		},
		{
			"name": "left2",
			"from": [2, 6, 16.1],
			"to": [5, 7, 16.5],
			"rotation": {"angle": 0, "axis": "y", "origin": [10, 14, 24]},
			"faces": {
				"north": {"uv": [4, 4, 7, 5], "texture": "#1"},
				"east": {"uv": [6, 4, 7, 5], "texture": "#1"},
				"south": {"uv": [4, 4, 7, 5], "texture": "#1"},
				"west": {"uv": [4, 4, 5, 5], "texture": "#1"},
				"up": {"uv": [4, 4, 7, 5], "texture": "#1"},
				"down": {"uv": [4, 4, 7, 5], "texture": "#1"}
			}
		},
		{
			"name": "left3",
			"from": [4.2, 5, 16.1],
			"to": [5, 8, 16.5],
			"rotation": {"angle": 0, "axis": "y", "origin": [12, 13, 24]},
			"faces": {
				"north": {"uv": [10, 3, 11, 6], "texture": "#1"},
				"east": {"uv": [10, 3, 11, 6], "texture": "#1"},
				"south": {"uv": [10, 3, 11, 6], "texture": "#1"},
				"west": {"uv": [10, 3, 11, 6], "texture": "#1"},
				"up": {"uv": [10, 3, 11, 4], "texture": "#1"},
				"down": {"uv": [10, 5, 11, 6], "texture": "#1"}
			}
		},
		{
			"name": "right",
			"from": [11, 11, 16],
			"to": [12, 13, 16.6],
			"rotation": {"angle": 0, "axis": "y", "origin": [19, 20, 24]},
			"faces": {
				"north": {"uv": [0, 6, 1, 8], "texture": "#1"},
				"east": {"uv": [0, 6, 1, 8], "texture": "#1"},
				"south": {"uv": [0, 6, 1, 8], "texture": "#1"},
				"west": {"uv": [0, 6, 1, 8], "texture": "#1"},
				"up": {"uv": [0, 6, 1, 7], "texture": "#1"},
				"down": {"uv": [0, 8, 1, 9], "texture": "#1"}
			}
		},
		{
			"name": "right2",
			"from": [12, 12, 16],
			"to": [14, 13, 16.6],
			"rotation": {"angle": 0, "axis": "y", "origin": [20, 20, 24]},
			"faces": {
				"north": {"uv": [1, 6, 3, 7], "texture": "#1"},
				"east": {"uv": [2, 6, 3, 7], "texture": "#1"},
				"south": {"uv": [1, 6, 3, 7], "texture": "#1"},
				"west": {"uv": [1, 6, 2, 7], "texture": "#1"},
				"up": {"uv": [1, 6, 3, 7], "texture": "#1"},
				"down": {"uv": [1, 6, 3, 7], "texture": "#1"}
			}
		},
		{
			"name": "right3",
			"from": [11, 10, 16],
			"to": [13, 11, 16.6],
			"rotation": {"angle": 0, "axis": "y", "origin": [19, 18, 24]},
			"faces": {
				"north": {"uv": [0, 8, 2, 9], "texture": "#1"},
				"east": {"uv": [1, 8, 2, 9], "texture": "#1"},
				"south": {"uv": [0, 8, 2, 9], "texture": "#1"},
				"west": {"uv": [0, 8, 1, 9], "texture": "#1"},
				"up": {"uv": [0, 8, 2, 9], "texture": "#1"},
				"down": {"uv": [0, 8, 2, 9], "texture": "#1"}
			}
		},
		{
			"name": "right4",
			"from": [13, 10, 16],
			"to": [14, 12, 16.6],
			"rotation": {"angle": 0, "axis": "y", "origin": [21, 19, 24]},
			"faces": {
				"north": {"uv": [2, 7, 3, 9], "texture": "#1"},
				"east": {"uv": [2, 7, 3, 9], "texture": "#1"},
				"south": {"uv": [2, 7, 3, 9], "texture": "#1"},
				"west": {"uv": [2, 7, 3, 9], "texture": "#1"},
				"up": {"uv": [2, 7, 3, 8], "texture": "#1"},
				"down": {"uv": [2, 8, 3, 9], "texture": "#1"}
			}
		},
		{
			"name": "right5",
			"from": [11, 8, 16.2],
			"to": [12, 10, 16.4],
			"rotation": {"angle": 0, "axis": "y", "origin": [19, 17, 24]},
			"faces": {
				"north": {"uv": [4, 9, 5, 11], "texture": "#1"},
				"east": {"uv": [4, 9, 5, 11], "texture": "#1"},
				"south": {"uv": [4, 9, 5, 11], "texture": "#1"},
				"west": {"uv": [4, 9, 5, 11], "texture": "#1"},
				"up": {"uv": [4, 9, 5, 10], "texture": "#1"},
				"down": {"uv": [4, 10, 5, 11], "texture": "#1"}
			}
		},
		{
			"name": "right6",
			"from": [12, 5, 16.2],
			"to": [13, 10, 16.4],
			"rotation": {"angle": 0, "axis": "y", "origin": [20, 17, 24]},
			"faces": {
				"north": {"uv": [9, 9, 10, 14], "texture": "#1"},
				"east": {"uv": [9, 9, 10, 14], "texture": "#1"},
				"south": {"uv": [9, 9, 10, 14], "texture": "#1"},
				"west": {"uv": [9, 9, 10, 14], "texture": "#1"},
				"up": {"uv": [9, 9, 10, 10], "texture": "#1"},
				"down": {"uv": [9, 13, 10, 14], "texture": "#1"}
			}
		},
		{
			"name": "right7",
			"from": [13, 3, 16.2],
			"to": [14, 10, 16.4],
			"rotation": {"angle": 0, "axis": "y", "origin": [21, 11, 24]},
			"faces": {
				"north": {"uv": [14, 9, 15, 16], "texture": "#1"},
				"east": {"uv": [14, 9, 15, 16], "texture": "#1"},
				"south": {"uv": [14, 9, 15, 16], "texture": "#1"},
				"west": {"uv": [14, 9, 15, 16], "texture": "#1"},
				"up": {"uv": [14, 9, 15, 10], "texture": "#1"},
				"down": {"uv": [14, 15, 15, 16], "texture": "#1"}
			}
		},
		{
			"name": "left",
			"from": [12.12, 5.9, -0.6],
			"to": [12.92, 11, 0],
			"rotation": {"angle": 0, "axis": "y", "origin": [6.11, 9.045, -0.3]},
			"faces": {
				"north": {"uv": [1, 0, 2, 4], "texture": "#1"},
				"east": {"uv": [1, 0, 2, 4], "texture": "#1"},
				"south": {"uv": [1, 0, 2, 4], "texture": "#1"},
				"west": {"uv": [1, 0, 2, 4], "texture": "#1"},
				"up": {"uv": [1, 0, 2, 1], "rotation": 180, "texture": "#1"},
				"down": {"uv": [1, 3, 2, 4], "rotation": 180, "texture": "#1"}
			}
		},
		{
			"name": "left2",
			"from": [11.02, 6, -0.5],
			"to": [14.02, 7, -0.1],
			"rotation": {"angle": 0, "axis": "y", "origin": [6.11, 9.045, -0.3]},
			"faces": {
				"north": {"uv": [4, 4, 7, 5], "texture": "#1"},
				"east": {"uv": [4, 4, 5, 5], "texture": "#1"},
				"south": {"uv": [4, 4, 7, 5], "texture": "#1"},
				"west": {"uv": [6, 4, 7, 5], "texture": "#1"},
				"up": {"uv": [4, 4, 7, 5], "rotation": 180, "texture": "#1"},
				"down": {"uv": [4, 4, 7, 5], "rotation": 180, "texture": "#1"}
			}
		},
		{
			"name": "left3",
			"from": [11.02, 5, -0.5],
			"to": [11.82, 8, -0.1],
			"rotation": {"angle": 0, "axis": "y", "origin": [6.11, 9.045, -0.3]},
			"faces": {
				"north": {"uv": [10, 3, 11, 6], "texture": "#1"},
				"east": {"uv": [10, 3, 11, 6], "texture": "#1"},
				"south": {"uv": [10, 3, 11, 6], "texture": "#1"},
				"west": {"uv": [10, 3, 11, 6], "texture": "#1"},
				"up": {"uv": [10, 3, 11, 4], "rotation": 180, "texture": "#1"},
				"down": {"uv": [10, 5, 11, 6], "rotation": 180, "texture": "#1"}
			}
		},
		{
			"name": "right",
			"from": [4.02, 11, -0.6],
			"to": [5.02, 13, 0],
			"rotation": {"angle": 0, "axis": "y", "origin": [6.11, 9.045, -0.3]},
			"faces": {
				"north": {"uv": [0, 6, 1, 8], "texture": "#1"},
				"east": {"uv": [0, 6, 1, 8], "texture": "#1"},
				"south": {"uv": [0, 6, 1, 8], "texture": "#1"},
				"west": {"uv": [0, 6, 1, 8], "texture": "#1"},
				"up": {"uv": [0, 6, 1, 7], "rotation": 180, "texture": "#1"},
				"down": {"uv": [0, 8, 1, 9], "rotation": 180, "texture": "#1"}
			}
		},
		{
			"name": "right2",
			"from": [2.02, 12, -0.6],
			"to": [4.02, 13, 0],
			"rotation": {"angle": 0, "axis": "y", "origin": [6.11, 9.045, -0.3]},
			"faces": {
				"north": {"uv": [1, 6, 3, 7], "texture": "#1"},
				"east": {"uv": [1, 6, 2, 7], "texture": "#1"},
				"south": {"uv": [1, 6, 3, 7], "texture": "#1"},
				"west": {"uv": [2, 6, 3, 7], "texture": "#1"},
				"up": {"uv": [1, 6, 3, 7], "rotation": 180, "texture": "#1"},
				"down": {"uv": [1, 6, 3, 7], "rotation": 180, "texture": "#1"}
			}
		},
		{
			"name": "right3",
			"from": [3.02, 10, -0.6],
			"to": [5.02, 11, 0],
			"rotation": {"angle": 0, "axis": "y", "origin": [6.11, 9.045, -0.3]},
			"faces": {
				"north": {"uv": [0, 8, 2, 9], "texture": "#1"},
				"east": {"uv": [0, 8, 1, 9], "texture": "#1"},
				"south": {"uv": [0, 8, 2, 9], "texture": "#1"},
				"west": {"uv": [1, 8, 2, 9], "texture": "#1"},
				"up": {"uv": [0, 8, 2, 9], "rotation": 180, "texture": "#1"},
				"down": {"uv": [0, 8, 2, 9], "rotation": 180, "texture": "#1"}
			}
		},
		{
			"name": "right4",
			"from": [2.02, 10, -0.6],
			"to": [3.02, 12, 0],
			"rotation": {"angle": 0, "axis": "y", "origin": [6.11, 9.045, -0.3]},
			"faces": {
				"north": {"uv": [2, 7, 3, 9], "texture": "#1"},
				"east": {"uv": [2, 7, 3, 9], "texture": "#1"},
				"south": {"uv": [2, 7, 3, 9], "texture": "#1"},
				"west": {"uv": [2, 7, 3, 9], "texture": "#1"},
				"up": {"uv": [2, 7, 3, 8], "rotation": 180, "texture": "#1"},
				"down": {"uv": [2, 8, 3, 9], "rotation": 180, "texture": "#1"}
			}
		},
		{
			"name": "right5",
			"from": [4.02, 8, -0.4],
			"to": [5.02, 10, -0.2],
			"rotation": {"angle": 0, "axis": "y", "origin": [6.11, 9.045, -0.3]},
			"faces": {
				"north": {"uv": [4, 9, 5, 11], "texture": "#1"},
				"east": {"uv": [4, 9, 5, 11], "texture": "#1"},
				"south": {"uv": [4, 9, 5, 11], "texture": "#1"},
				"west": {"uv": [4, 9, 5, 11], "texture": "#1"},
				"up": {"uv": [4, 9, 5, 10], "rotation": 180, "texture": "#1"},
				"down": {"uv": [4, 10, 5, 11], "rotation": 180, "texture": "#1"}
			}
		},
		{
			"name": "right6",
			"from": [3.02, 5, -0.4],
			"to": [4.02, 10, -0.2],
			"rotation": {"angle": 0, "axis": "y", "origin": [6.11, 9.045, -0.3]},
			"faces": {
				"north": {"uv": [9, 9, 10, 14], "texture": "#1"},
				"east": {"uv": [9, 9, 10, 14], "texture": "#1"},
				"south": {"uv": [9, 9, 10, 14], "texture": "#1"},
				"west": {"uv": [9, 9, 10, 14], "texture": "#1"},
				"up": {"uv": [9, 9, 10, 10], "rotation": 180, "texture": "#1"},
				"down": {"uv": [9, 13, 10, 14], "rotation": 180, "texture": "#1"}
			}
		},
		{
			"name": "right7",
			"from": [2.02, 3, -0.4],
			"to": [3.02, 10, -0.2],
			"rotation": {"angle": 0, "axis": "y", "origin": [6.11, 9.045, -0.3]},
			"faces": {
				"north": {"uv": [14, 9, 15, 16], "texture": "#1"},
				"east": {"uv": [14, 9, 15, 16], "texture": "#1"},
				"south": {"uv": [14, 9, 15, 16], "texture": "#1"},
				"west": {"uv": [14, 9, 15, 16], "texture": "#1"},
				"up": {"uv": [14, 9, 15, 10], "rotation": 180, "texture": "#1"},
				"down": {"uv": [14, 15, 15, 16], "rotation": 180, "texture": "#1"}
			}
		},
		{
			"name": "1",
			"from": [-0.6, 9, 3],
			"to": [0, 11, 4],
			"rotation": {"angle": 0, "axis": "y", "origin": [7, 17, 11]},
			"faces": {
				"north": {"uv": [0, 0, 1, 2], "texture": "#3"},
				"east": {"uv": [0, 0, 1, 2], "texture": "#3"},
				"south": {"uv": [0, 0, 1, 2], "texture": "#3"},
				"west": {"uv": [0, 0, 1, 2], "texture": "#3"},
				"up": {"uv": [0, 0, 1, 1], "texture": "#3"},
				"down": {"uv": [0, 1, 1, 2], "texture": "#3"}
			}
		},
		{
			"name": "2",
			"from": [-0.6, 9, 5],
			"to": [0, 11, 6],
			"rotation": {"angle": 0, "axis": "y", "origin": [7, 18, 13]},
			"faces": {
				"north": {"uv": [6, 0, 7, 2], "texture": "#3"},
				"east": {"uv": [6, 0, 7, 2], "texture": "#3"},
				"south": {"uv": [6, 0, 7, 2], "texture": "#3"},
				"west": {"uv": [6, 0, 7, 2], "texture": "#3"},
				"up": {"uv": [6, 0, 7, 1], "texture": "#3"},
				"down": {"uv": [6, 1, 7, 2], "texture": "#3"}
			}
		},
		{
			"name": "3",
			"from": [-0.4, 8, 4],
			"to": [-0.2, 9, 5],
			"rotation": {"angle": 0, "axis": "y", "origin": [-0.5, 8.5, 4.5]},
			"faces": {
				"north": {"uv": [13, 2, 14, 3], "texture": "#3"},
				"east": {"uv": [13, 2, 14, 3], "texture": "#3"},
				"south": {"uv": [13, 2, 14, 3], "texture": "#3"},
				"west": {"uv": [13, 2, 14, 3], "texture": "#3"},
				"up": {"uv": [13, 2, 14, 3], "texture": "#3"},
				"down": {"uv": [13, 2, 14, 3], "texture": "#3"}
			}
		},
		{
			"name": "4",
			"from": [-0.4, 7, 3],
			"to": [-0.2, 8, 4],
			"rotation": {"angle": 0, "axis": "y", "origin": [7, 15, 11]},
			"faces": {
				"north": {"uv": [8, 3, 9, 4], "texture": "#3"},
				"east": {"uv": [8, 3, 9, 4], "texture": "#3"},
				"south": {"uv": [8, 3, 9, 4], "texture": "#3"},
				"west": {"uv": [8, 3, 9, 4], "texture": "#3"},
				"up": {"uv": [8, 3, 9, 4], "texture": "#3"},
				"down": {"uv": [8, 3, 9, 4], "texture": "#3"}
			}
		},
		{
			"name": "5",
			"from": [-0.4, 7, 5],
			"to": [-0.2, 8, 6],
			"rotation": {"angle": 0, "axis": "y", "origin": [7, 15, 13]},
			"faces": {
				"north": {"uv": [2, 8, 3, 9], "texture": "#3"},
				"east": {"uv": [2, 8, 3, 9], "texture": "#3"},
				"south": {"uv": [2, 8, 3, 9], "texture": "#3"},
				"west": {"uv": [2, 8, 3, 9], "texture": "#3"},
				"up": {"uv": [2, 8, 3, 9], "texture": "#3"},
				"down": {"uv": [2, 8, 3, 9], "texture": "#3"}
			}
		},
		{
			"name": "1",
			"from": [16, 9, 10],
			"to": [16.6, 11, 11],
			"rotation": {"angle": 0, "axis": "y", "origin": [23.6, 17, 18]},
			"faces": {
				"north": {"uv": [0, 0, 1, 2], "texture": "#3"},
				"east": {"uv": [0, 0, 1, 2], "texture": "#3"},
				"south": {"uv": [0, 0, 1, 2], "texture": "#3"},
				"west": {"uv": [0, 0, 1, 2], "texture": "#3"},
				"up": {"uv": [0, 0, 1, 1], "texture": "#3"},
				"down": {"uv": [0, 1, 1, 2], "texture": "#3"}
			}
		},
		{
			"name": "2",
			"from": [16, 9, 12],
			"to": [16.6, 11, 13],
			"rotation": {"angle": 0, "axis": "y", "origin": [23.6, 18, 20]},
			"faces": {
				"north": {"uv": [6, 0, 7, 2], "texture": "#3"},
				"east": {"uv": [6, 0, 7, 2], "texture": "#3"},
				"south": {"uv": [6, 0, 7, 2], "texture": "#3"},
				"west": {"uv": [6, 0, 7, 2], "texture": "#3"},
				"up": {"uv": [6, 0, 7, 1], "texture": "#3"},
				"down": {"uv": [6, 1, 7, 2], "texture": "#3"}
			}
		},
		{
			"name": "3",
			"from": [16.2, 8, 11],
			"to": [16.4, 9, 12],
			"rotation": {"angle": 0, "axis": "y", "origin": [16.1, 8.5, 11.5]},
			"faces": {
				"north": {"uv": [13, 2, 14, 3], "texture": "#3"},
				"east": {"uv": [13, 2, 14, 3], "texture": "#3"},
				"south": {"uv": [13, 2, 14, 3], "texture": "#3"},
				"west": {"uv": [13, 2, 14, 3], "texture": "#3"},
				"up": {"uv": [13, 2, 14, 3], "texture": "#3"},
				"down": {"uv": [13, 2, 14, 3], "texture": "#3"}
			}
		},
		{
			"name": "4",
			"from": [16.2, 7, 10],
			"to": [16.4, 8, 11],
			"rotation": {"angle": 0, "axis": "y", "origin": [23.6, 15, 18]},
			"faces": {
				"north": {"uv": [8, 3, 9, 4], "texture": "#3"},
				"east": {"uv": [8, 3, 9, 4], "texture": "#3"},
				"south": {"uv": [8, 3, 9, 4], "texture": "#3"},
				"west": {"uv": [8, 3, 9, 4], "texture": "#3"},
				"up": {"uv": [8, 3, 9, 4], "texture": "#3"},
				"down": {"uv": [8, 3, 9, 4], "texture": "#3"}
			}
		},
		{
			"name": "5",
			"from": [16.2, 7, 12],
			"to": [16.4, 8, 13],
			"rotation": {"angle": 0, "axis": "y", "origin": [23.6, 15, 20]},
			"faces": {
				"north": {"uv": [2, 8, 3, 9], "texture": "#3"},
				"east": {"uv": [2, 8, 3, 9], "texture": "#3"},
				"south": {"uv": [2, 8, 3, 9], "texture": "#3"},
				"west": {"uv": [2, 8, 3, 9], "texture": "#3"},
				"up": {"uv": [2, 8, 3, 9], "texture": "#3"},
				"down": {"uv": [2, 8, 3, 9], "texture": "#3"}
			}
		}
	],
	"display": {
		"firstperson_righthand": {
			"scale": [0.5, 0.5, 0.5]
		},
		"firstperson_lefthand": {
			"scale": [0.5, 0.5, 0.5]
		},
		"ground": {
			"scale": [0.25, 0.25, 0.25]
		},
		"fixed": {
			"rotation": [-90, 0, 0],
			"translation": [0, 0, 17],
			"scale": [2.00156, 2.00156, 2.00156]
		}
	},
	"groups": [
		{
			"name": "all",
			"origin": [8, 8, 8],
			"children": [0,
				{
					"name": "inner",
					"origin": [8, 8, 8],
					"children": [1, 2, 3, 4, 5, 6, 7, 8, 9]
				},
				{
					"name": "side1",
					"origin": [8, 8, 8],
					"children": [10, 11, 12, 13, 14, 15, 16, 17, 18, 19]
				},
				{
					"name": "side2",
					"origin": [8, 8, 8],
					"children": [20, 21, 22, 23, 24, 25, 26, 27, 28, 29]
				},
				{
					"name": "side3",
					"origin": [8, 8, 8],
					"children": [30, 31, 32, 33, 34]
				},
				{
					"name": "side4",
					"origin": [8, 8, 8],
					"children": [35, 36, 37, 38, 39]
				}
			]
		}
	]
}