{
	"credit": "Made with Blockbench",
	"textures": {
		"1_1": "zelda/clawshot/gray",
		"1_2": "zelda/clawshot/light_gray"
	},
	"elements": [
		{
			"name": "cube2",
			"from": [7.525, 3.25, 2.5],
			"to": [8.475, 4.75, 3],
			"rotation": {"angle": 0, "axis": "y", "origin": [8, 4, -1]},
			"faces": {
				"north": {"uv": [0, 0, 0.95, 3], "rotation": 180, "texture": "#1_2"},
				"east": {"uv": [0, 0, 3, 1], "rotation": 270, "texture": "#1_2"},
				"south": {"uv": [0, 0, 0.95, 3], "texture": "#1_2"},
				"west": {"uv": [0, 0, 3, 1], "rotation": 90, "texture": "#1_2"},
				"up": {"uv": [0, 0, 0.95, 1], "rotation": 180, "texture": "#1_2"},
				"down": {"uv": [0, 0, 0.95, 1], "texture": "#1_2"}
			}
		},
		{
			"name": "cube3",
			"from": [7.525, 3.25, 2],
			"to": [8.475, 4.75, 2.5],
			"rotation": {"angle": 0, "axis": "y", "origin": [8, 4, -1]},
			"faces": {
				"north": {"uv": [0, 0, 0.95, 3], "rotation": 180, "texture": "#1_1"},
				"east": {"uv": [0, 0, 3, 1], "rotation": 270, "texture": "#1_1"},
				"south": {"uv": [0, 0, 0.95, 3], "texture": "#1_1"},
				"west": {"uv": [0, 0, 3, 1], "rotation": 90, "texture": "#1_1"},
				"up": {"uv": [0, 0, 0.95, 1], "rotation": 180, "texture": "#1_1"},
				"down": {"uv": [0, 0, 0.95, 1], "texture": "#1_1"}
			}
		},
		{
			"from": [7.525, 3.25, -5],
			"to": [8.475, 4.75, -4.5],
			"rotation": {"angle": 0, "axis": "y", "origin": [8, 4, -1]},
			"faces": {
				"north": {"uv": [0, 0, 0.95, 3], "rotation": 180, "texture": "#1_2"},
				"east": {"uv": [0, 0, 3, 1], "rotation": 270, "texture": "#1_2"},
				"south": {"uv": [0, 0, 0.95, 3], "texture": "#1_2"},
				"west": {"uv": [0, 0, 3, 1], "rotation": 90, "texture": "#1_2"},
				"up": {"uv": [0, 0, 0.95, 1], "rotation": 180, "texture": "#1_2"},
				"down": {"uv": [0, 0, 0.95, 1], "texture": "#1_2"}
			}
		},
		{
			"from": [7.525, 3.25, -4.5],
			"to": [8.475, 4.75, -4],
			"rotation": {"angle": 0, "axis": "y", "origin": [8, 4, -1]},
			"faces": {
				"north": {"uv": [0, 0, 0.95, 3], "rotation": 180, "texture": "#1_1"},
				"east": {"uv": [0, 0, 3, 1], "rotation": 270, "texture": "#1_1"},
				"south": {"uv": [0, 0, 0.95, 3], "texture": "#1_1"},
				"west": {"uv": [0, 0, 3, 1], "rotation": 90, "texture": "#1_1"},
				"up": {"uv": [0, 0, 0.95, 1], "rotation": 180, "texture": "#1_1"},
				"down": {"uv": [0, 0, 0.95, 1], "texture": "#1_1"}
			}
		},
		{
			"from": [7.525, 5.1625, -3.5875],
			"to": [8.475, 5.6625, 1.5875],
			"rotation": {"angle": 0, "axis": "y", "origin": [8, 4, -1]},
			"faces": {
				"north": {"uv": [0, 0, 0.95, 1], "rotation": 180, "texture": "#1_1"},
				"east": {"uv": [0, 0, 1, 10.35], "rotation": 270, "texture": "#1_1"},
				"south": {"uv": [0, 0, 0.95, 1], "texture": "#1_1"},
				"west": {"uv": [0, 0, 1, 10.35], "rotation": 90, "texture": "#1_1"},
				"up": {"uv": [0, 0, 0.95, 10.35], "rotation": 180, "texture": "#1_1"},
				"down": {"uv": [0, 0, 0.95, 10.35], "texture": "#1_1"}
			}
		},
		{
			"from": [7.525, 5.6625, -3.5875],
			"to": [8.475, 6.1625, 1.5875],
			"rotation": {"angle": 0, "axis": "y", "origin": [8, 4, -1]},
			"faces": {
				"north": {"uv": [0, 0, 0.95, 1], "rotation": 180, "texture": "#1_2"},
				"east": {"uv": [0, 0, 1, 10.35], "rotation": 270, "texture": "#1_2"},
				"south": {"uv": [0, 0, 0.95, 1], "texture": "#1_2"},
				"west": {"uv": [0, 0, 1, 10.35], "rotation": 90, "texture": "#1_2"},
				"up": {"uv": [0, 0, 0.95, 10.35], "rotation": 180, "texture": "#1_2"},
				"down": {"uv": [0, 0, 0.95, 10.35], "texture": "#1_2"}
			}
		},
		{
			"from": [7.525, 2.3375, -3.5875],
			"to": [8.475, 2.8375, 1.5875],
			"rotation": {"angle": 0, "axis": "y", "origin": [8, 4, -1]},
			"faces": {
				"north": {"uv": [0, 0, 0.95, 1], "rotation": 180, "texture": "#1_1"},
				"east": {"uv": [0, 0, 1, 10.35], "rotation": 270, "texture": "#1_1"},
				"south": {"uv": [0, 0, 0.95, 1], "texture": "#1_1"},
				"west": {"uv": [0, 0, 1, 10.35], "rotation": 90, "texture": "#1_1"},
				"up": {"uv": [0, 0, 0.95, 10.35], "rotation": 180, "texture": "#1_1"},
				"down": {"uv": [0, 0, 0.95, 10.35], "texture": "#1_1"}
			}
		},
		{
			"from": [7.525, 1.8375, -3.5875],
			"to": [8.475, 2.3375, 1.5875],
			"rotation": {"angle": 0, "axis": "y", "origin": [8, 4, -1]},
			"faces": {
				"north": {"uv": [0, 0, 0.95, 1], "rotation": 180, "texture": "#1_2"},
				"east": {"uv": [0, 0, 1, 10.35], "rotation": 270, "texture": "#1_2"},
				"south": {"uv": [0, 0, 0.95, 1], "texture": "#1_2"},
				"west": {"uv": [0, 0, 1, 10.35], "rotation": 90, "texture": "#1_2"},
				"up": {"uv": [0, 0, 0.95, 10.35], "rotation": 180, "texture": "#1_2"},
				"down": {"uv": [0, 0, 0.95, 10.35], "texture": "#1_2"}
			}
		},
		{
			"from": [7.5, 2.075, -3.8625],
			"to": [8.5, 3.325, -3.3625],
			"rotation": {"angle": 45, "axis": "x", "origin": [8, 4, -1]},
			"faces": {
				"north": {"uv": [0, 0, 1, 4], "rotation": 180, "texture": "#1_1"},
				"east": {"uv": [0, 0, 4, 1], "rotation": 270, "texture": "#1_1"},
				"south": {"uv": [0, 0, 1, 4], "texture": "#1_1"},
				"west": {"uv": [0, 0, 4, 1], "rotation": 90, "texture": "#1_1"},
				"up": {"uv": [0, 0, 1, 1], "rotation": 180, "texture": "#1_1"},
				"down": {"uv": [0, 0, 1, 1], "texture": "#1_1"}
			}
		},
		{
			"from": [7.5, 1.7, -4.3625],
			"to": [8.5, 3.7, -3.8625],
			"rotation": {"angle": 45, "axis": "x", "origin": [8, 4, -1]},
			"faces": {
				"north": {"uv": [0, 0, 1, 4], "rotation": 180, "texture": "#1_2"},
				"east": {"uv": [0, 0, 4, 1], "rotation": 270, "texture": "#1_2"},
				"south": {"uv": [0, 0, 1, 4], "texture": "#1_2"},
				"west": {"uv": [0, 0, 4, 1], "rotation": 90, "texture": "#1_2"},
				"up": {"uv": [0, 0, 1, 1], "rotation": 180, "texture": "#1_2"},
				"down": {"uv": [0, 0, 1, 1], "texture": "#1_2"}
			}
		},
		{
			"from": [7.5, 4.675, -3.8625],
			"to": [8.5, 5.925, -3.3625],
			"rotation": {"angle": -45, "axis": "x", "origin": [8, 4, -1]},
			"faces": {
				"north": {"uv": [0, 0, 1, 4], "rotation": 180, "texture": "#1_1"},
				"east": {"uv": [0, 0, 4, 1], "rotation": 270, "texture": "#1_1"},
				"south": {"uv": [0, 0, 1, 4], "texture": "#1_1"},
				"west": {"uv": [0, 0, 4, 1], "rotation": 90, "texture": "#1_1"},
				"up": {"uv": [0, 0, 1, 1], "rotation": 180, "texture": "#1_1"},
				"down": {"uv": [0, 0, 1, 1], "texture": "#1_1"}
			}
		},
		{
			"from": [7.5, 4.3, -4.3625],
			"to": [8.5, 6.3, -3.8625],
			"rotation": {"angle": -45, "axis": "x", "origin": [8, 4, -1]},
			"faces": {
				"north": {"uv": [0, 0, 1, 4], "rotation": 180, "texture": "#1_2"},
				"east": {"uv": [0, 0, 4, 1], "rotation": 270, "texture": "#1_2"},
				"south": {"uv": [0, 0, 1, 4], "texture": "#1_2"},
				"west": {"uv": [0, 0, 4, 1], "rotation": 90, "texture": "#1_2"},
				"up": {"uv": [0, 0, 1, 1], "rotation": 180, "texture": "#1_2"},
				"down": {"uv": [0, 0, 1, 1], "texture": "#1_2"}
			}
		},
		{
			"from": [7.5, 2.075, 1.3625],
			"to": [8.5, 3.325, 1.8625],
			"rotation": {"angle": -45, "axis": "x", "origin": [8, 4, -1]},
			"faces": {
				"north": {"uv": [0, 4, 1, 8], "rotation": 180, "texture": "#1_1"},
				"east": {"uv": [0, 1, 4, 2], "rotation": 270, "texture": "#1_1"},
				"south": {"uv": [0, 4, 1, 8], "texture": "#1_1"},
				"west": {"uv": [0, 1, 4, 2], "rotation": 90, "texture": "#1_1"},
				"up": {"uv": [0, 1, 1, 2], "rotation": 180, "texture": "#1_1"},
				"down": {"uv": [0, 1, 1, 2], "texture": "#1_1"}
			}
		},
		{
			"from": [7.5, 1.7, 1.8625],
			"to": [8.5, 3.7, 2.3625],
			"rotation": {"angle": -45, "axis": "x", "origin": [8, 4, -1]},
			"faces": {
				"north": {"uv": [0, 4, 1, 8], "rotation": 180, "texture": "#1_2"},
				"east": {"uv": [0, 1, 4, 2], "rotation": 270, "texture": "#1_2"},
				"south": {"uv": [0, 4, 1, 8], "texture": "#1_2"},
				"west": {"uv": [0, 1, 4, 2], "rotation": 90, "texture": "#1_2"},
				"up": {"uv": [0, 1, 1, 2], "rotation": 180, "texture": "#1_2"},
				"down": {"uv": [0, 1, 1, 2], "texture": "#1_2"}
			}
		},
		{
			"from": [7.5, 4.675, 1.3625],
			"to": [8.5, 5.925, 1.8625],
			"rotation": {"angle": 45, "axis": "x", "origin": [8, 4, -1]},
			"faces": {
				"north": {"uv": [0, 4, 1, 8], "rotation": 180, "texture": "#1_1"},
				"east": {"uv": [0, 1, 4, 2], "rotation": 270, "texture": "#1_1"},
				"south": {"uv": [0, 4, 1, 8], "texture": "#1_1"},
				"west": {"uv": [0, 1, 4, 2], "rotation": 90, "texture": "#1_1"},
				"up": {"uv": [0, 1, 1, 2], "rotation": 180, "texture": "#1_1"},
				"down": {"uv": [0, 1, 1, 2], "texture": "#1_1"}
			}
		},
		{
			"from": [7.5, 4.3, 1.8625],
			"to": [8.5, 6.3, 2.3625],
			"rotation": {"angle": 45, "axis": "x", "origin": [8, 4, -1]},
			"faces": {
				"north": {"uv": [0, 4, 1, 8], "rotation": 180, "texture": "#1_2"},
				"east": {"uv": [0, 1, 4, 2], "rotation": 270, "texture": "#1_2"},
				"south": {"uv": [0, 4, 1, 8], "texture": "#1_2"},
				"west": {"uv": [0, 1, 4, 2], "rotation": 90, "texture": "#1_2"},
				"up": {"uv": [0, 1, 1, 2], "rotation": 180, "texture": "#1_2"},
				"down": {"uv": [0, 1, 1, 2], "texture": "#1_2"}
			}
		},
		{
			"name": "cube3",
			"from": [7.25, 3.525, 8.25],
			"to": [8.75, 4.475, 8.75],
			"rotation": {"angle": 0, "axis": "y", "origin": [8, 4, 4.75]},
			"faces": {
				"north": {"uv": [0, 0, 0.95, 3], "rotation": 90, "texture": "#1_2"},
				"east": {"uv": [0, 0, 0.95, 1], "rotation": 270, "texture": "#1_2"},
				"south": {"uv": [0, 0, 0.95, 3], "rotation": 90, "texture": "#1_2"},
				"west": {"uv": [0, 0, 0.95, 1], "rotation": 90, "texture": "#1_2"},
				"up": {"uv": [0, 0, 3, 1], "rotation": 180, "texture": "#1_2"},
				"down": {"uv": [0, 0, 3, 1], "texture": "#1_2"}
			}
		},
		{
			"name": "cube4",
			"from": [7.25, 3.525, 7.75],
			"to": [8.75, 4.475, 8.25],
			"rotation": {"angle": 0, "axis": "y", "origin": [8, 4, 4.75]},
			"faces": {
				"north": {"uv": [0, 0, 0.95, 3], "rotation": 90, "texture": "#1_1"},
				"east": {"uv": [0, 0, 0.95, 1], "rotation": 270, "texture": "#1_1"},
				"south": {"uv": [0, 0, 0.95, 3], "rotation": 90, "texture": "#1_1"},
				"west": {"uv": [0, 0, 0.95, 1], "rotation": 90, "texture": "#1_1"},
				"up": {"uv": [0, 0, 3, 1], "rotation": 180, "texture": "#1_1"},
				"down": {"uv": [0, 0, 3, 1], "texture": "#1_1"}
			}
		},
		{
			"from": [7.25, 3.525, 0.75],
			"to": [8.75, 4.475, 1.25],
			"rotation": {"angle": 0, "axis": "y", "origin": [8, 4, 4.75]},
			"faces": {
				"north": {"uv": [0, 0, 0.95, 3], "rotation": 90, "texture": "#1_2"},
				"east": {"uv": [0, 0, 0.95, 1], "rotation": 270, "texture": "#1_2"},
				"south": {"uv": [0, 0, 0.95, 3], "rotation": 90, "texture": "#1_2"},
				"west": {"uv": [0, 0, 0.95, 1], "rotation": 90, "texture": "#1_2"},
				"up": {"uv": [0, 0, 3, 1], "rotation": 180, "texture": "#1_2"},
				"down": {"uv": [0, 0, 3, 1], "texture": "#1_2"}
			}
		},
		{
			"from": [7.25, 3.525, 1.25],
			"to": [8.75, 4.475, 1.75],
			"rotation": {"angle": 0, "axis": "y", "origin": [8, 4, 4.75]},
			"faces": {
				"north": {"uv": [0, 0, 0.95, 3], "rotation": 90, "texture": "#1_1"},
				"east": {"uv": [0, 0, 0.95, 1], "rotation": 270, "texture": "#1_1"},
				"south": {"uv": [0, 0, 0.95, 3], "rotation": 90, "texture": "#1_1"},
				"west": {"uv": [0, 0, 0.95, 1], "rotation": 90, "texture": "#1_1"},
				"up": {"uv": [0, 0, 3, 1], "rotation": 180, "texture": "#1_1"},
				"down": {"uv": [0, 0, 3, 1], "texture": "#1_1"}
			}
		},
		{
			"from": [9.1625, 3.525, 2.1625],
			"to": [9.6625, 4.475, 7.3375],
			"rotation": {"angle": 0, "axis": "y", "origin": [8, 4, 4.75]},
			"faces": {
				"north": {"uv": [0, 0, 0.95, 1], "rotation": 90, "texture": "#1_1"},
				"east": {"uv": [0, 0, 0.95, 10.35], "rotation": 270, "texture": "#1_1"},
				"south": {"uv": [0, 0, 0.95, 1], "rotation": 90, "texture": "#1_1"},
				"west": {"uv": [0, 0, 0.95, 10.35], "rotation": 90, "texture": "#1_1"},
				"up": {"uv": [0, 0, 1, 10.35], "rotation": 180, "texture": "#1_1"},
				"down": {"uv": [0, 0, 1, 10.35], "texture": "#1_1"}
			}
		},
		{
			"from": [9.6625, 3.525, 2.1625],
			"to": [10.1625, 4.475, 7.3375],
			"rotation": {"angle": 0, "axis": "y", "origin": [8, 4, 4.75]},
			"faces": {
				"north": {"uv": [0, 0, 0.95, 1], "rotation": 90, "texture": "#1_2"},
				"east": {"uv": [0, 0, 0.95, 10.35], "rotation": 270, "texture": "#1_2"},
				"south": {"uv": [0, 0, 0.95, 1], "rotation": 90, "texture": "#1_2"},
				"west": {"uv": [0, 0, 0.95, 10.35], "rotation": 90, "texture": "#1_2"},
				"up": {"uv": [0, 0, 1, 10.35], "rotation": 180, "texture": "#1_2"},
				"down": {"uv": [0, 0, 1, 10.35], "texture": "#1_2"}
			}
		},
		{
			"from": [6.3375, 3.525, 2.1625],
			"to": [6.8375, 4.475, 7.3375],
			"rotation": {"angle": 0, "axis": "y", "origin": [8, 4, 4.75]},
			"faces": {
				"north": {"uv": [0, 0, 0.95, 1], "rotation": 90, "texture": "#1_1"},
				"east": {"uv": [0, 0, 0.95, 10.35], "rotation": 270, "texture": "#1_1"},
				"south": {"uv": [0, 0, 0.95, 1], "rotation": 90, "texture": "#1_1"},
				"west": {"uv": [0, 0, 0.95, 10.35], "rotation": 90, "texture": "#1_1"},
				"up": {"uv": [0, 0, 1, 10.35], "rotation": 180, "texture": "#1_1"},
				"down": {"uv": [0, 0, 1, 10.35], "texture": "#1_1"}
			}
		},
		{
			"from": [5.8375, 3.525, 2.1625],
			"to": [6.3375, 4.475, 7.3375],
			"rotation": {"angle": 0, "axis": "y", "origin": [8, 4, 4.75]},
			"faces": {
				"north": {"uv": [0, 0, 0.95, 1], "rotation": 90, "texture": "#1_2"},
				"east": {"uv": [0, 0, 0.95, 10.35], "rotation": 270, "texture": "#1_2"},
				"south": {"uv": [0, 0, 0.95, 1], "rotation": 90, "texture": "#1_2"},
				"west": {"uv": [0, 0, 0.95, 10.35], "rotation": 90, "texture": "#1_2"},
				"up": {"uv": [0, 0, 1, 10.35], "rotation": 180, "texture": "#1_2"},
				"down": {"uv": [0, 0, 1, 10.35], "texture": "#1_2"}
			}
		},
		{
			"from": [6.075, 3.5, 1.8875],
			"to": [7.325, 4.5, 2.3875],
			"rotation": {"angle": -45, "axis": "y", "origin": [8, 4, 4.75]},
			"faces": {
				"north": {"uv": [0, 0, 1, 4], "rotation": 90, "texture": "#1_1"},
				"east": {"uv": [0, 0, 1, 1], "rotation": 270, "texture": "#1_1"},
				"south": {"uv": [0, 0, 1, 4], "rotation": 90, "texture": "#1_1"},
				"west": {"uv": [0, 0, 1, 1], "rotation": 90, "texture": "#1_1"},
				"up": {"uv": [0, 0, 4, 1], "rotation": 180, "texture": "#1_1"},
				"down": {"uv": [0, 0, 4, 1], "texture": "#1_1"}
			}
		},
		{
			"from": [5.7, 3.5, 1.3875],
			"to": [7.7, 4.5, 1.8875],
			"rotation": {"angle": -45, "axis": "y", "origin": [8, 4, 4.75]},
			"faces": {
				"north": {"uv": [0, 0, 1, 4], "rotation": 90, "texture": "#1_2"},
				"east": {"uv": [0, 0, 1, 1], "rotation": 270, "texture": "#1_2"},
				"south": {"uv": [0, 0, 1, 4], "rotation": 90, "texture": "#1_2"},
				"west": {"uv": [0, 0, 1, 1], "rotation": 90, "texture": "#1_2"},
				"up": {"uv": [0, 0, 4, 1], "rotation": 180, "texture": "#1_2"},
				"down": {"uv": [0, 0, 4, 1], "texture": "#1_2"}
			}
		},
		{
			"from": [8.675, 3.5, 1.8875],
			"to": [9.925, 4.5, 2.3875],
			"rotation": {"angle": 45, "axis": "y", "origin": [8, 4, 4.75]},
			"faces": {
				"north": {"uv": [0, 0, 1, 4], "rotation": 90, "texture": "#1_1"},
				"east": {"uv": [0, 0, 1, 1], "rotation": 270, "texture": "#1_1"},
				"south": {"uv": [0, 0, 1, 4], "rotation": 90, "texture": "#1_1"},
				"west": {"uv": [0, 0, 1, 1], "rotation": 90, "texture": "#1_1"},
				"up": {"uv": [0, 0, 4, 1], "rotation": 180, "texture": "#1_1"},
				"down": {"uv": [0, 0, 4, 1], "texture": "#1_1"}
			}
		},
		{
			"from": [8.3, 3.5, 1.3875],
			"to": [10.3, 4.5, 1.8875],
			"rotation": {"angle": 45, "axis": "y", "origin": [8, 4, 4.75]},
			"faces": {
				"north": {"uv": [0, 0, 1, 4], "rotation": 90, "texture": "#1_2"},
				"east": {"uv": [0, 0, 1, 1], "rotation": 270, "texture": "#1_2"},
				"south": {"uv": [0, 0, 1, 4], "rotation": 90, "texture": "#1_2"},
				"west": {"uv": [0, 0, 1, 1], "rotation": 90, "texture": "#1_2"},
				"up": {"uv": [0, 0, 4, 1], "rotation": 180, "texture": "#1_2"},
				"down": {"uv": [0, 0, 4, 1], "texture": "#1_2"}
			}
		},
		{
			"from": [6.075, 3.5, 7.1125],
			"to": [7.325, 4.5, 7.6125],
			"rotation": {"angle": 45, "axis": "y", "origin": [8, 4, 4.75]},
			"faces": {
				"north": {"uv": [0, 4, 1, 8], "rotation": 90, "texture": "#1_1"},
				"east": {"uv": [0, 1, 1, 2], "rotation": 270, "texture": "#1_1"},
				"south": {"uv": [0, 4, 1, 8], "rotation": 90, "texture": "#1_1"},
				"west": {"uv": [0, 1, 1, 2], "rotation": 90, "texture": "#1_1"},
				"up": {"uv": [0, 1, 4, 2], "rotation": 180, "texture": "#1_1"},
				"down": {"uv": [0, 1, 4, 2], "texture": "#1_1"}
			}
		},
		{
			"from": [5.7, 3.5, 7.6125],
			"to": [7.7, 4.5, 8.1125],
			"rotation": {"angle": 45, "axis": "y", "origin": [8, 4, 4.75]},
			"faces": {
				"north": {"uv": [0, 4, 1, 8], "rotation": 90, "texture": "#1_2"},
				"east": {"uv": [0, 1, 1, 2], "rotation": 270, "texture": "#1_2"},
				"south": {"uv": [0, 4, 1, 8], "rotation": 90, "texture": "#1_2"},
				"west": {"uv": [0, 1, 1, 2], "rotation": 90, "texture": "#1_2"},
				"up": {"uv": [0, 1, 4, 2], "rotation": 180, "texture": "#1_2"},
				"down": {"uv": [0, 1, 4, 2], "texture": "#1_2"}
			}
		},
		{
			"from": [8.675, 3.5, 7.1125],
			"to": [9.925, 4.5, 7.6125],
			"rotation": {"angle": -45, "axis": "y", "origin": [8, 4, 4.75]},
			"faces": {
				"north": {"uv": [0, 4, 1, 8], "rotation": 90, "texture": "#1_1"},
				"east": {"uv": [0, 1, 1, 2], "rotation": 270, "texture": "#1_1"},
				"south": {"uv": [0, 4, 1, 8], "rotation": 90, "texture": "#1_1"},
				"west": {"uv": [0, 1, 1, 2], "rotation": 90, "texture": "#1_1"},
				"up": {"uv": [0, 1, 4, 2], "rotation": 180, "texture": "#1_1"},
				"down": {"uv": [0, 1, 4, 2], "texture": "#1_1"}
			}
		},
		{
			"from": [8.3, 3.5, 7.6125],
			"to": [10.3, 4.5, 8.1125],
			"rotation": {"angle": -45, "axis": "y", "origin": [8, 4, 4.75]},
			"faces": {
				"north": {"uv": [0, 4, 1, 8], "rotation": 90, "texture": "#1_2"},
				"east": {"uv": [0, 1, 1, 2], "rotation": 270, "texture": "#1_2"},
				"south": {"uv": [0, 4, 1, 8], "rotation": 90, "texture": "#1_2"},
				"west": {"uv": [0, 1, 1, 2], "rotation": 90, "texture": "#1_2"},
				"up": {"uv": [0, 1, 4, 2], "rotation": 180, "texture": "#1_2"},
				"down": {"uv": [0, 1, 4, 2], "texture": "#1_2"}
			}
		},
		{
			"name": "cube3",
			"from": [7.525, 3.25, 14],
			"to": [8.475, 4.75, 14.5],
			"rotation": {"angle": 0, "axis": "y", "origin": [8, 4, 10.5]},
			"faces": {
				"north": {"uv": [0, 0, 0.95, 3], "rotation": 180, "texture": "#1_2"},
				"east": {"uv": [0, 0, 3, 1], "rotation": 270, "texture": "#1_2"},
				"south": {"uv": [0, 0, 0.95, 3], "texture": "#1_2"},
				"west": {"uv": [0, 0, 3, 1], "rotation": 90, "texture": "#1_2"},
				"up": {"uv": [0, 0, 0.95, 1], "rotation": 180, "texture": "#1_2"},
				"down": {"uv": [0, 0, 0.95, 1], "texture": "#1_2"}
			}
		},
		{
			"name": "cube4",
			"from": [7.525, 3.25, 13.5],
			"to": [8.475, 4.75, 14],
			"rotation": {"angle": 0, "axis": "y", "origin": [8, 4, 10.5]},
			"faces": {
				"north": {"uv": [0, 0, 0.95, 3], "rotation": 180, "texture": "#1_1"},
				"east": {"uv": [0, 0, 3, 1], "rotation": 270, "texture": "#1_1"},
				"south": {"uv": [0, 0, 0.95, 3], "texture": "#1_1"},
				"west": {"uv": [0, 0, 3, 1], "rotation": 90, "texture": "#1_1"},
				"up": {"uv": [0, 0, 0.95, 1], "rotation": 180, "texture": "#1_1"},
				"down": {"uv": [0, 0, 0.95, 1], "texture": "#1_1"}
			}
		},
		{
			"from": [7.525, 3.25, 6.5],
			"to": [8.475, 4.75, 7],
			"rotation": {"angle": 0, "axis": "y", "origin": [8, 4, 10.5]},
			"faces": {
				"north": {"uv": [0, 0, 0.95, 3], "rotation": 180, "texture": "#1_2"},
				"east": {"uv": [0, 0, 3, 1], "rotation": 270, "texture": "#1_2"},
				"south": {"uv": [0, 0, 0.95, 3], "texture": "#1_2"},
				"west": {"uv": [0, 0, 3, 1], "rotation": 90, "texture": "#1_2"},
				"up": {"uv": [0, 0, 0.95, 1], "rotation": 180, "texture": "#1_2"},
				"down": {"uv": [0, 0, 0.95, 1], "texture": "#1_2"}
			}
		},
		{
			"from": [7.525, 3.25, 7],
			"to": [8.475, 4.75, 7.5],
			"rotation": {"angle": 0, "axis": "y", "origin": [8, 4, 10.5]},
			"faces": {
				"north": {"uv": [0, 0, 0.95, 3], "rotation": 180, "texture": "#1_1"},
				"east": {"uv": [0, 0, 3, 1], "rotation": 270, "texture": "#1_1"},
				"south": {"uv": [0, 0, 0.95, 3], "texture": "#1_1"},
				"west": {"uv": [0, 0, 3, 1], "rotation": 90, "texture": "#1_1"},
				"up": {"uv": [0, 0, 0.95, 1], "rotation": 180, "texture": "#1_1"},
				"down": {"uv": [0, 0, 0.95, 1], "texture": "#1_1"}
			}
		},
		{
			"from": [7.525, 5.1625, 7.9125],
			"to": [8.475, 5.6625, 13.0875],
			"rotation": {"angle": 0, "axis": "y", "origin": [8, 4, 10.5]},
			"faces": {
				"north": {"uv": [0, 0, 0.95, 1], "rotation": 180, "texture": "#1_1"},
				"east": {"uv": [0, 0, 1, 10.35], "rotation": 270, "texture": "#1_1"},
				"south": {"uv": [0, 0, 0.95, 1], "texture": "#1_1"},
				"west": {"uv": [0, 0, 1, 10.35], "rotation": 90, "texture": "#1_1"},
				"up": {"uv": [0, 0, 0.95, 10.35], "rotation": 180, "texture": "#1_1"},
				"down": {"uv": [0, 0, 0.95, 10.35], "texture": "#1_1"}
			}
		},
		{
			"from": [7.525, 5.6625, 7.9125],
			"to": [8.475, 6.1625, 13.0875],
			"rotation": {"angle": 0, "axis": "y", "origin": [8, 4, 10.5]},
			"faces": {
				"north": {"uv": [0, 0, 0.95, 1], "rotation": 180, "texture": "#1_2"},
				"east": {"uv": [0, 0, 1, 10.35], "rotation": 270, "texture": "#1_2"},
				"south": {"uv": [0, 0, 0.95, 1], "texture": "#1_2"},
				"west": {"uv": [0, 0, 1, 10.35], "rotation": 90, "texture": "#1_2"},
				"up": {"uv": [0, 0, 0.95, 10.35], "rotation": 180, "texture": "#1_2"},
				"down": {"uv": [0, 0, 0.95, 10.35], "texture": "#1_2"}
			}
		},
		{
			"from": [7.525, 2.3375, 7.9125],
			"to": [8.475, 2.8375, 13.0875],
			"rotation": {"angle": 0, "axis": "y", "origin": [8, 4, 10.5]},
			"faces": {
				"north": {"uv": [0, 0, 0.95, 1], "rotation": 180, "texture": "#1_1"},
				"east": {"uv": [0, 0, 1, 10.35], "rotation": 270, "texture": "#1_1"},
				"south": {"uv": [0, 0, 0.95, 1], "texture": "#1_1"},
				"west": {"uv": [0, 0, 1, 10.35], "rotation": 90, "texture": "#1_1"},
				"up": {"uv": [0, 0, 0.95, 10.35], "rotation": 180, "texture": "#1_1"},
				"down": {"uv": [0, 0, 0.95, 10.35], "texture": "#1_1"}
			}
		},
		{
			"from": [7.525, 1.8375, 7.9125],
			"to": [8.475, 2.3375, 13.0875],
			"rotation": {"angle": 0, "axis": "y", "origin": [8, 4, 10.5]},
			"faces": {
				"north": {"uv": [0, 0, 0.95, 1], "rotation": 180, "texture": "#1_2"},
				"east": {"uv": [0, 0, 1, 10.35], "rotation": 270, "texture": "#1_2"},
				"south": {"uv": [0, 0, 0.95, 1], "texture": "#1_2"},
				"west": {"uv": [0, 0, 1, 10.35], "rotation": 90, "texture": "#1_2"},
				"up": {"uv": [0, 0, 0.95, 10.35], "rotation": 180, "texture": "#1_2"},
				"down": {"uv": [0, 0, 0.95, 10.35], "texture": "#1_2"}
			}
		},
		{
			"from": [7.5, 2.075, 7.6375],
			"to": [8.5, 3.325, 8.1375],
			"rotation": {"angle": 45, "axis": "x", "origin": [8, 4, 10.5]},
			"faces": {
				"north": {"uv": [0, 0, 1, 4], "rotation": 180, "texture": "#1_1"},
				"east": {"uv": [0, 0, 4, 1], "rotation": 270, "texture": "#1_1"},
				"south": {"uv": [0, 0, 1, 4], "texture": "#1_1"},
				"west": {"uv": [0, 0, 4, 1], "rotation": 90, "texture": "#1_1"},
				"up": {"uv": [0, 0, 1, 1], "rotation": 180, "texture": "#1_1"},
				"down": {"uv": [0, 0, 1, 1], "texture": "#1_1"}
			}
		},
		{
			"from": [7.5, 1.7, 7.1375],
			"to": [8.5, 3.7, 7.6375],
			"rotation": {"angle": 45, "axis": "x", "origin": [8, 4, 10.5]},
			"faces": {
				"north": {"uv": [0, 0, 1, 4], "rotation": 180, "texture": "#1_2"},
				"east": {"uv": [0, 0, 4, 1], "rotation": 270, "texture": "#1_2"},
				"south": {"uv": [0, 0, 1, 4], "texture": "#1_2"},
				"west": {"uv": [0, 0, 4, 1], "rotation": 90, "texture": "#1_2"},
				"up": {"uv": [0, 0, 1, 1], "rotation": 180, "texture": "#1_2"},
				"down": {"uv": [0, 0, 1, 1], "texture": "#1_2"}
			}
		},
		{
			"from": [7.5, 4.675, 7.6375],
			"to": [8.5, 5.925, 8.1375],
			"rotation": {"angle": -45, "axis": "x", "origin": [8, 4, 10.5]},
			"faces": {
				"north": {"uv": [0, 0, 1, 4], "rotation": 180, "texture": "#1_1"},
				"east": {"uv": [0, 0, 4, 1], "rotation": 270, "texture": "#1_1"},
				"south": {"uv": [0, 0, 1, 4], "texture": "#1_1"},
				"west": {"uv": [0, 0, 4, 1], "rotation": 90, "texture": "#1_1"},
				"up": {"uv": [0, 0, 1, 1], "rotation": 180, "texture": "#1_1"},
				"down": {"uv": [0, 0, 1, 1], "texture": "#1_1"}
			}
		},
		{
			"from": [7.5, 4.3, 7.1375],
			"to": [8.5, 6.3, 7.6375],
			"rotation": {"angle": -45, "axis": "x", "origin": [8, 4, 10.5]},
			"faces": {
				"north": {"uv": [0, 0, 1, 4], "rotation": 180, "texture": "#1_2"},
				"east": {"uv": [0, 0, 4, 1], "rotation": 270, "texture": "#1_2"},
				"south": {"uv": [0, 0, 1, 4], "texture": "#1_2"},
				"west": {"uv": [0, 0, 4, 1], "rotation": 90, "texture": "#1_2"},
				"up": {"uv": [0, 0, 1, 1], "rotation": 180, "texture": "#1_2"},
				"down": {"uv": [0, 0, 1, 1], "texture": "#1_2"}
			}
		},
		{
			"from": [7.5, 2.075, 12.8625],
			"to": [8.5, 3.325, 13.3625],
			"rotation": {"angle": -45, "axis": "x", "origin": [8, 4, 10.5]},
			"faces": {
				"north": {"uv": [0, 4, 1, 8], "rotation": 180, "texture": "#1_1"},
				"east": {"uv": [0, 1, 4, 2], "rotation": 270, "texture": "#1_1"},
				"south": {"uv": [0, 4, 1, 8], "texture": "#1_1"},
				"west": {"uv": [0, 1, 4, 2], "rotation": 90, "texture": "#1_1"},
				"up": {"uv": [0, 1, 1, 2], "rotation": 180, "texture": "#1_1"},
				"down": {"uv": [0, 1, 1, 2], "texture": "#1_1"}
			}
		},
		{
			"from": [7.5, 1.7, 13.3625],
			"to": [8.5, 3.7, 13.8625],
			"rotation": {"angle": -45, "axis": "x", "origin": [8, 4, 10.5]},
			"faces": {
				"north": {"uv": [0, 4, 1, 8], "rotation": 180, "texture": "#1_2"},
				"east": {"uv": [0, 1, 4, 2], "rotation": 270, "texture": "#1_2"},
				"south": {"uv": [0, 4, 1, 8], "texture": "#1_2"},
				"west": {"uv": [0, 1, 4, 2], "rotation": 90, "texture": "#1_2"},
				"up": {"uv": [0, 1, 1, 2], "rotation": 180, "texture": "#1_2"},
				"down": {"uv": [0, 1, 1, 2], "texture": "#1_2"}
			}
		},
		{
			"from": [7.5, 4.675, 12.8625],
			"to": [8.5, 5.925, 13.3625],
			"rotation": {"angle": 45, "axis": "x", "origin": [8, 4, 10.5]},
			"faces": {
				"north": {"uv": [0, 4, 1, 8], "rotation": 180, "texture": "#1_1"},
				"east": {"uv": [0, 1, 4, 2], "rotation": 270, "texture": "#1_1"},
				"south": {"uv": [0, 4, 1, 8], "texture": "#1_1"},
				"west": {"uv": [0, 1, 4, 2], "rotation": 90, "texture": "#1_1"},
				"up": {"uv": [0, 1, 1, 2], "rotation": 180, "texture": "#1_1"},
				"down": {"uv": [0, 1, 1, 2], "texture": "#1_1"}
			}
		},
		{
			"from": [7.5, 4.3, 13.3625],
			"to": [8.5, 6.3, 13.8625],
			"rotation": {"angle": 45, "axis": "x", "origin": [8, 4, 10.5]},
			"faces": {
				"north": {"uv": [0, 4, 1, 8], "rotation": 180, "texture": "#1_2"},
				"east": {"uv": [0, 1, 4, 2], "rotation": 270, "texture": "#1_2"},
				"south": {"uv": [0, 4, 1, 8], "texture": "#1_2"},
				"west": {"uv": [0, 1, 4, 2], "rotation": 90, "texture": "#1_2"},
				"up": {"uv": [0, 1, 1, 2], "rotation": 180, "texture": "#1_2"},
				"down": {"uv": [0, 1, 1, 2], "texture": "#1_2"}
			}
		},
		{
			"name": "cube4",
			"from": [7.25, 3.525, 19.75],
			"to": [8.75, 4.475, 20.25],
			"rotation": {"angle": 0, "axis": "y", "origin": [8, 4, 16.25]},
			"faces": {
				"north": {"uv": [0, 0, 0.95, 3], "rotation": 90, "texture": "#1_2"},
				"east": {"uv": [0, 0, 0.95, 1], "rotation": 270, "texture": "#1_2"},
				"south": {"uv": [0, 0, 0.95, 3], "rotation": 90, "texture": "#1_2"},
				"west": {"uv": [0, 0, 0.95, 1], "rotation": 90, "texture": "#1_2"},
				"up": {"uv": [0, 0, 3, 1], "rotation": 180, "texture": "#1_2"},
				"down": {"uv": [0, 0, 3, 1], "texture": "#1_2"}
			}
		},
		{
			"name": "cube5",
			"from": [7.25, 3.525, 19.25],
			"to": [8.75, 4.475, 19.75],
			"rotation": {"angle": 0, "axis": "y", "origin": [8, 4, 16.25]},
			"faces": {
				"north": {"uv": [0, 0, 0.95, 3], "rotation": 90, "texture": "#1_1"},
				"east": {"uv": [0, 0, 0.95, 1], "rotation": 270, "texture": "#1_1"},
				"south": {"uv": [0, 0, 0.95, 3], "rotation": 90, "texture": "#1_1"},
				"west": {"uv": [0, 0, 0.95, 1], "rotation": 90, "texture": "#1_1"},
				"up": {"uv": [0, 0, 3, 1], "rotation": 180, "texture": "#1_1"},
				"down": {"uv": [0, 0, 3, 1], "texture": "#1_1"}
			}
		},
		{
			"from": [7.25, 3.525, 12.25],
			"to": [8.75, 4.475, 12.75],
			"rotation": {"angle": 0, "axis": "y", "origin": [8, 4, 16.25]},
			"faces": {
				"north": {"uv": [0, 0, 0.95, 3], "rotation": 90, "texture": "#1_2"},
				"east": {"uv": [0, 0, 0.95, 1], "rotation": 270, "texture": "#1_2"},
				"south": {"uv": [0, 0, 0.95, 3], "rotation": 90, "texture": "#1_2"},
				"west": {"uv": [0, 0, 0.95, 1], "rotation": 90, "texture": "#1_2"},
				"up": {"uv": [0, 0, 3, 1], "rotation": 180, "texture": "#1_2"},
				"down": {"uv": [0, 0, 3, 1], "texture": "#1_2"}
			}
		},
		{
			"from": [7.25, 3.525, 12.75],
			"to": [8.75, 4.475, 13.25],
			"rotation": {"angle": 0, "axis": "y", "origin": [8, 4, 16.25]},
			"faces": {
				"north": {"uv": [0, 0, 0.95, 3], "rotation": 90, "texture": "#1_1"},
				"east": {"uv": [0, 0, 0.95, 1], "rotation": 270, "texture": "#1_1"},
				"south": {"uv": [0, 0, 0.95, 3], "rotation": 90, "texture": "#1_1"},
				"west": {"uv": [0, 0, 0.95, 1], "rotation": 90, "texture": "#1_1"},
				"up": {"uv": [0, 0, 3, 1], "rotation": 180, "texture": "#1_1"},
				"down": {"uv": [0, 0, 3, 1], "texture": "#1_1"}
			}
		},
		{
			"from": [9.1625, 3.525, 13.6625],
			"to": [9.6625, 4.475, 18.8375],
			"rotation": {"angle": 0, "axis": "y", "origin": [8, 4, 16.25]},
			"faces": {
				"north": {"uv": [0, 0, 0.95, 1], "rotation": 90, "texture": "#1_1"},
				"east": {"uv": [0, 0, 0.95, 10.35], "rotation": 270, "texture": "#1_1"},
				"south": {"uv": [0, 0, 0.95, 1], "rotation": 90, "texture": "#1_1"},
				"west": {"uv": [0, 0, 0.95, 10.35], "rotation": 90, "texture": "#1_1"},
				"up": {"uv": [0, 0, 1, 10.35], "rotation": 180, "texture": "#1_1"},
				"down": {"uv": [0, 0, 1, 10.35], "texture": "#1_1"}
			}
		},
		{
			"from": [9.6625, 3.525, 13.6625],
			"to": [10.1625, 4.475, 18.8375],
			"rotation": {"angle": 0, "axis": "y", "origin": [8, 4, 16.25]},
			"faces": {
				"north": {"uv": [0, 0, 0.95, 1], "rotation": 90, "texture": "#1_2"},
				"east": {"uv": [0, 0, 0.95, 10.35], "rotation": 270, "texture": "#1_2"},
				"south": {"uv": [0, 0, 0.95, 1], "rotation": 90, "texture": "#1_2"},
				"west": {"uv": [0, 0, 0.95, 10.35], "rotation": 90, "texture": "#1_2"},
				"up": {"uv": [0, 0, 1, 10.35], "rotation": 180, "texture": "#1_2"},
				"down": {"uv": [0, 0, 1, 10.35], "texture": "#1_2"}
			}
		},
		{
			"from": [6.3375, 3.525, 13.6625],
			"to": [6.8375, 4.475, 18.8375],
			"rotation": {"angle": 0, "axis": "y", "origin": [8, 4, 16.25]},
			"faces": {
				"north": {"uv": [0, 0, 0.95, 1], "rotation": 90, "texture": "#1_1"},
				"east": {"uv": [0, 0, 0.95, 10.35], "rotation": 270, "texture": "#1_1"},
				"south": {"uv": [0, 0, 0.95, 1], "rotation": 90, "texture": "#1_1"},
				"west": {"uv": [0, 0, 0.95, 10.35], "rotation": 90, "texture": "#1_1"},
				"up": {"uv": [0, 0, 1, 10.35], "rotation": 180, "texture": "#1_1"},
				"down": {"uv": [0, 0, 1, 10.35], "texture": "#1_1"}
			}
		},
		{
			"from": [5.8375, 3.525, 13.6625],
			"to": [6.3375, 4.475, 18.8375],
			"rotation": {"angle": 0, "axis": "y", "origin": [8, 4, 16.25]},
			"faces": {
				"north": {"uv": [0, 0, 0.95, 1], "rotation": 90, "texture": "#1_2"},
				"east": {"uv": [0, 0, 0.95, 10.35], "rotation": 270, "texture": "#1_2"},
				"south": {"uv": [0, 0, 0.95, 1], "rotation": 90, "texture": "#1_2"},
				"west": {"uv": [0, 0, 0.95, 10.35], "rotation": 90, "texture": "#1_2"},
				"up": {"uv": [0, 0, 1, 10.35], "rotation": 180, "texture": "#1_2"},
				"down": {"uv": [0, 0, 1, 10.35], "texture": "#1_2"}
			}
		},
		{
			"from": [6.075, 3.5, 13.3875],
			"to": [7.325, 4.5, 13.8875],
			"rotation": {"angle": -45, "axis": "y", "origin": [8, 4, 16.25]},
			"faces": {
				"north": {"uv": [0, 0, 1, 4], "rotation": 90, "texture": "#1_1"},
				"east": {"uv": [0, 0, 1, 1], "rotation": 270, "texture": "#1_1"},
				"south": {"uv": [0, 0, 1, 4], "rotation": 90, "texture": "#1_1"},
				"west": {"uv": [0, 0, 1, 1], "rotation": 90, "texture": "#1_1"},
				"up": {"uv": [0, 0, 4, 1], "rotation": 180, "texture": "#1_1"},
				"down": {"uv": [0, 0, 4, 1], "texture": "#1_1"}
			}
		},
		{
			"from": [5.7, 3.5, 12.8875],
			"to": [7.7, 4.5, 13.3875],
			"rotation": {"angle": -45, "axis": "y", "origin": [8, 4, 16.25]},
			"faces": {
				"north": {"uv": [0, 0, 1, 4], "rotation": 90, "texture": "#1_2"},
				"east": {"uv": [0, 0, 1, 1], "rotation": 270, "texture": "#1_2"},
				"south": {"uv": [0, 0, 1, 4], "rotation": 90, "texture": "#1_2"},
				"west": {"uv": [0, 0, 1, 1], "rotation": 90, "texture": "#1_2"},
				"up": {"uv": [0, 0, 4, 1], "rotation": 180, "texture": "#1_2"},
				"down": {"uv": [0, 0, 4, 1], "texture": "#1_2"}
			}
		},
		{
			"from": [8.675, 3.5, 13.3875],
			"to": [9.925, 4.5, 13.8875],
			"rotation": {"angle": 45, "axis": "y", "origin": [8, 4, 16.25]},
			"faces": {
				"north": {"uv": [0, 0, 1, 4], "rotation": 90, "texture": "#1_1"},
				"east": {"uv": [0, 0, 1, 1], "rotation": 270, "texture": "#1_1"},
				"south": {"uv": [0, 0, 1, 4], "rotation": 90, "texture": "#1_1"},
				"west": {"uv": [0, 0, 1, 1], "rotation": 90, "texture": "#1_1"},
				"up": {"uv": [0, 0, 4, 1], "rotation": 180, "texture": "#1_1"},
				"down": {"uv": [0, 0, 4, 1], "texture": "#1_1"}
			}
		},
		{
			"from": [8.3, 3.5, 12.8875],
			"to": [10.3, 4.5, 13.3875],
			"rotation": {"angle": 45, "axis": "y", "origin": [8, 4, 16.25]},
			"faces": {
				"north": {"uv": [0, 0, 1, 4], "rotation": 90, "texture": "#1_2"},
				"east": {"uv": [0, 0, 1, 1], "rotation": 270, "texture": "#1_2"},
				"south": {"uv": [0, 0, 1, 4], "rotation": 90, "texture": "#1_2"},
				"west": {"uv": [0, 0, 1, 1], "rotation": 90, "texture": "#1_2"},
				"up": {"uv": [0, 0, 4, 1], "rotation": 180, "texture": "#1_2"},
				"down": {"uv": [0, 0, 4, 1], "texture": "#1_2"}
			}
		},
		{
			"from": [6.075, 3.5, 18.6125],
			"to": [7.325, 4.5, 19.1125],
			"rotation": {"angle": 45, "axis": "y", "origin": [8, 4, 16.25]},
			"faces": {
				"north": {"uv": [0, 4, 1, 8], "rotation": 90, "texture": "#1_1"},
				"east": {"uv": [0, 1, 1, 2], "rotation": 270, "texture": "#1_1"},
				"south": {"uv": [0, 4, 1, 8], "rotation": 90, "texture": "#1_1"},
				"west": {"uv": [0, 1, 1, 2], "rotation": 90, "texture": "#1_1"},
				"up": {"uv": [0, 1, 4, 2], "rotation": 180, "texture": "#1_1"},
				"down": {"uv": [0, 1, 4, 2], "texture": "#1_1"}
			}
		},
		{
			"from": [5.7, 3.5, 19.1125],
			"to": [7.7, 4.5, 19.6125],
			"rotation": {"angle": 45, "axis": "y", "origin": [8, 4, 16.25]},
			"faces": {
				"north": {"uv": [0, 4, 1, 8], "rotation": 90, "texture": "#1_2"},
				"east": {"uv": [0, 1, 1, 2], "rotation": 270, "texture": "#1_2"},
				"south": {"uv": [0, 4, 1, 8], "rotation": 90, "texture": "#1_2"},
				"west": {"uv": [0, 1, 1, 2], "rotation": 90, "texture": "#1_2"},
				"up": {"uv": [0, 1, 4, 2], "rotation": 180, "texture": "#1_2"},
				"down": {"uv": [0, 1, 4, 2], "texture": "#1_2"}
			}
		},
		{
			"from": [8.675, 3.5, 18.6125],
			"to": [9.925, 4.5, 19.1125],
			"rotation": {"angle": -45, "axis": "y", "origin": [8, 4, 16.25]},
			"faces": {
				"north": {"uv": [0, 4, 1, 8], "rotation": 90, "texture": "#1_1"},
				"east": {"uv": [0, 1, 1, 2], "rotation": 270, "texture": "#1_1"},
				"south": {"uv": [0, 4, 1, 8], "rotation": 90, "texture": "#1_1"},
				"west": {"uv": [0, 1, 1, 2], "rotation": 90, "texture": "#1_1"},
				"up": {"uv": [0, 1, 4, 2], "rotation": 180, "texture": "#1_1"},
				"down": {"uv": [0, 1, 4, 2], "texture": "#1_1"}
			}
		},
		{
			"from": [8.3, 3.5, 19.1125],
			"to": [10.3, 4.5, 19.6125],
			"rotation": {"angle": -45, "axis": "y", "origin": [8, 4, 16.25]},
			"faces": {
				"north": {"uv": [0, 4, 1, 8], "rotation": 90, "texture": "#1_2"},
				"east": {"uv": [0, 1, 1, 2], "rotation": 270, "texture": "#1_2"},
				"south": {"uv": [0, 4, 1, 8], "rotation": 90, "texture": "#1_2"},
				"west": {"uv": [0, 1, 1, 2], "rotation": 90, "texture": "#1_2"},
				"up": {"uv": [0, 1, 4, 2], "rotation": 180, "texture": "#1_2"},
				"down": {"uv": [0, 1, 4, 2], "texture": "#1_2"}
			}
		}
	],
	"display": {
		"thirdperson_righthand": {
			"rotation": [-2, 89, -1],
			"translation": [0, 4, -3.25],
			"scale": [0.63, 0.63, 0.63]
		},
		"thirdperson_lefthand": {
			"rotation": [90, 90, 0],
			"translation": [0, 4, -3.25],
			"scale": [0.63, 0.63, 0.63]
		},
		"firstperson_righthand": {
			"rotation": [20, -88, -9],
			"translation": [1.5, 6, -4],
			"scale": [-1, 1, 1]
		},
		"firstperson_lefthand": {
			"rotation": [20, -88, -9],
			"translation": [1.5, 6, -4]
		},
		"head": {
			"translation": [0, -8, 0],
			"scale": [0.55, 0.55, 0.55]
		}
	},
	"groups": [
		{
			"name": "chain",
			"origin": [8, 8, 8],
			"children": [
				{
					"name": "Link",
					"origin": [8, 8, 8],
					"children": [0, 1, 2, 3, 4, 5, 6, 7, 8, 9, 10, 11, 12, 13, 14, 15]
				},
				{
					"name": "Link",
					"origin": [8, 8, 8],
					"children": [16, 17, 18, 19, 20, 21, 22, 23, 24, 25, 26, 27, 28, 29, 30, 31]
				}
			]
		},
		{
			"name": "chain",
			"origin": [8, 8, 8],
			"children": [
				{
					"name": "Link",
					"origin": [8, 8, 8],
					"children": [32, 33, 34, 35, 36, 37, 38, 39, 40, 41, 42, 43, 44, 45, 46, 47]
				},
				{
					"name": "Link",
					"origin": [8, 8, 8],
					"children": [48, 49, 50, 51, 52, 53, 54, 55, 56, 57, 58, 59, 60, 61, 62, 63]
				}
			]
		}
	]
}