{
	"credit": "Made with Blockbench",
	"textures": {
		"2": "zelda/hookshot/hook"
	},
	"elements": [
		{
			"from": [4.5, 1.5, 3],
			"to": [11.5, 1.525, 13],
			"faces": {
				"up": {"uv": [4, 0, 12.999, 11.999], "texture": "#2"},
				"down": {"uv": [4, 0, 12.999, 11.999], "texture": "#2"}
			}
		}
	],
	"display": {
		"thirdperson_righthand": {
			"rotation": [-2, 89, -1],
			"translation": [0, 4, -3.25],
			"scale": [0.63, 0.63, 0.63]
		},
		"thirdperson_lefthand": {
			"rotation": [90, 90, 0],
			"translation": [0, 4, -3.25],
			"scale": [0.63, 0.63, 0.63]
		},
		"firstperson_righthand": {
			"rotation": [20, -88, -9],
			"translation": [1.5, 6, -4],
			"scale": [-1, 1, 1]
		},
		"firstperson_lefthand": {
			"rotation": [20, -88, -9],
			"translation": [1.5, 6, -4]
		},
		"head": {
			"translation": [0, -0.75, 0],
			"scale": [1.32, 1.32, 1.32]
		}
	}
}